Timing Analyzer report for t1a_fs_pwm
Sun Oct  4 18:24:31 2026
Quartus Prime Version 20.1.0 Build 711 06/05/2020 SJ Lite Edition


---------------------
; Table of Contents ;
---------------------
  1. Legal Notice
  2. Timing Analyzer Summary
  3. Parallel Compilation
  4. Clocks
  5. Slow 1200mV 85C Model Fmax Summary
  6. Timing Closure Recommendations
  7. Slow 1200mV 85C Model Setup Summary
  8. Slow 1200mV 85C Model Hold Summary
  9. Slow 1200mV 85C Model Recovery Summary
 10. Slow 1200mV 85C Model Removal Summary
 11. Slow 1200mV 85C Model Minimum Pulse Width Summary
 12. Slow 1200mV 85C Model Setup: 'frequency_scaling:inst4|clk_5MHz'
 13. Slow 1200mV 85C Model Setup: 'clk_50MHz'
 14. Slow 1200mV 85C Model Hold: 'frequency_scaling:inst4|clk_5MHz'
 15. Slow 1200mV 85C Model Hold: 'clk_50MHz'
 16. Slow 1200mV 85C Model Metastability Summary
 17. Slow 1200mV 0C Model Fmax Summary
 18. Slow 1200mV 0C Model Setup Summary
 19. Slow 1200mV 0C Model Hold Summary
 20. Slow 1200mV 0C Model Recovery Summary
 21. Slow 1200mV 0C Model Removal Summary
 22. Slow 1200mV 0C Model Minimum Pulse Width Summary
 23. Slow 1200mV 0C Model Setup: 'frequency_scaling:inst4|clk_5MHz'
 24. Slow 1200mV 0C Model Setup: 'clk_50MHz'
 25. Slow 1200mV 0C Model Hold: 'frequency_scaling:inst4|clk_5MHz'
 26. Slow 1200mV 0C Model Hold: 'clk_50MHz'
 27. Slow 1200mV 0C Model Metastability Summary
 28. Fast 1200mV 0C Model Setup Summary
 29. Fast 1200mV 0C Model Hold Summary
 30. Fast 1200mV 0C Model Recovery Summary
 31. Fast 1200mV 0C Model Removal Summary
 32. Fast 1200mV 0C Model Minimum Pulse Width Summary
 33. Fast 1200mV 0C Model Setup: 'frequency_scaling:inst4|clk_5MHz'
 34. Fast 1200mV 0C Model Setup: 'clk_50MHz'
 35. Fast 1200mV 0C Model Hold: 'frequency_scaling:inst4|clk_5MHz'
 36. Fast 1200mV 0C Model Hold: 'clk_50MHz'
 37. Fast 1200mV 0C Model Metastability Summary
 38. Multicorner Timing Analysis Summary
 39. Board Trace Model Assignments
 40. Input Transition Times
 41. Signal Integrity Metrics (Slow 1200mv 0c Model)
 42. Signal Integrity Metrics (Slow 1200mv 85c Model)
 43. Signal Integrity Metrics (Fast 1200mv 0c Model)
 44. Setup Transfers
 45. Hold Transfers
 46. Report TCCS
 47. Report RSKM
 48. Unconstrained Paths Summary
 49. Clock Status Summary
 50. Unconstrained Input Ports
 51. Unconstrained Output Ports
 52. Unconstrained Input Ports
 53. Unconstrained Output Ports
 54. Timing Analyzer Messages



----------------
; Legal Notice ;
----------------
Copyright (C) 2020  Intel Corporation. All rights reserved.
Your use of Intel Corporation's design tools, logic functions 
and other software and tools, and any partner logic 
functions, and any output files from any of the foregoing 
(including device programming or simulation files), and any 
associated documentation or information are expressly subject 
to the terms and conditions of the Intel Program License 
Subscription Agreement, the Intel Quartus Prime License Agreement,
the Intel FPGA IP License Agreement, or other applicable license
agreement, including, without limitation, that your use is for
the sole purpose of programming logic devices manufactured by
Intel and sold by Intel or its authorized distributors.  Please
refer to the applicable agreement for further details, at
https://fpgasoftware.intel.com/eula.



+-----------------------------------------------------------------------------+
; Timing Analyzer Summary                                                     ;
+-----------------------+-----------------------------------------------------+
; Quartus Prime Version ; Version 20.1.0 Build 711 06/05/2020 SJ Lite Edition ;
; Timing Analyzer       ; Legacy Timing Analyzer                              ;
; Revision Name         ; t1a_fs_pwm                                          ;
; Device Family         ; Cyclone IV E                                        ;
; Device Name           ; EP4CE22F17C6                                        ;
; Timing Models         ; Final                                               ;
; Delay Model           ; Combined                                            ;
; Rise/Fall Delays      ; Enabled                                             ;
+-----------------------+-----------------------------------------------------+


+------------------------------------------+
; Parallel Compilation                     ;
+----------------------------+-------------+
; Processors                 ; Number      ;
+----------------------------+-------------+
; Number detected on machine ; 8           ;
; Maximum allowed            ; 8           ;
;                            ;             ;
; Average used               ; 1.03        ;
; Maximum used               ; 8           ;
;                            ;             ;
; Usage by Processor         ; % Time Used ;
;     Processor 1            ; 100.0%      ;
;     Processors 2-8         ;   0.5%      ;
+----------------------------+-------------+


+------------------------------------------------------------------------------------------------------------------------------------------------------------------------------------------------------------------------------------+
; Clocks                                                                                                                                                                                                                             ;
+----------------------------------+------+--------+------------+-------+-------+------------+-----------+-------------+-------+--------+-----------+------------+----------+--------+--------+--------------------------------------+
; Clock Name                       ; Type ; Period ; Frequency  ; Rise  ; Fall  ; Duty Cycle ; Divide by ; Multiply by ; Phase ; Offset ; Edge List ; Edge Shift ; Inverted ; Master ; Source ; Targets                              ;
+----------------------------------+------+--------+------------+-------+-------+------------+-----------+-------------+-------+--------+-----------+------------+----------+--------+--------+--------------------------------------+
; clk_50MHz                        ; Base ; 1.000  ; 1000.0 MHz ; 0.000 ; 0.500 ;            ;           ;             ;       ;        ;           ;            ;          ;        ;        ; { clk_50MHz }                        ;
; frequency_scaling:inst4|clk_5MHz ; Base ; 1.000  ; 1000.0 MHz ; 0.000 ; 0.500 ;            ;           ;             ;       ;        ;           ;            ;          ;        ;        ; { frequency_scaling:inst4|clk_5MHz } ;
+----------------------------------+------+--------+------------+-------+-------+------------+-----------+-------------+-------+--------+-----------+------------+----------+--------+--------+--------------------------------------+


+---------------------------------------------------------------------------------------------------------------------------------+
; Slow 1200mV 85C Model Fmax Summary                                                                                              ;
+------------+-----------------+----------------------------------+---------------------------------------------------------------+
; Fmax       ; Restricted Fmax ; Clock Name                       ; Note                                                          ;
+------------+-----------------+----------------------------------+---------------------------------------------------------------+
; 394.79 MHz ; 394.79 MHz      ; frequency_scaling:inst4|clk_5MHz ;                                                               ;
; 492.37 MHz ; 250.0 MHz       ; clk_50MHz                        ; limit due to minimum period restriction (max I/O toggle rate) ;
+------------+-----------------+----------------------------------+---------------------------------------------------------------+
This panel reports FMAX for every clock in the design, regardless of the user-specified clock periods.  FMAX is only computed for paths where the source and destination registers or ports are driven by the same clock.  Paths of different clocks, including generated clocks, are ignored.  For paths between a clock and its inversion, FMAX is computed as if the rising and falling edges are scaled along with FMAX, such that the duty cycle (in terms of a percentage) is maintained. Altera recommends that you always use clock constraints and other slack reports for sign-off analysis.


----------------------------------
; Timing Closure Recommendations ;
----------------------------------
HTML report is unavailable in plain text report export.


+-----------------------------------------------------------+
; Slow 1200mV 85C Model Setup Summary                       ;
+----------------------------------+--------+---------------+
; Clock                            ; Slack  ; End Point TNS ;
+----------------------------------+--------+---------------+
; frequency_scaling:inst4|clk_5MHz ; -1.533 ; -31.273       ;
; clk_50MHz                        ; -1.031 ; -1.155        ;
+----------------------------------+--------+---------------+


+----------------------------------------------------------+
; Slow 1200mV 85C Model Hold Summary                       ;
+----------------------------------+-------+---------------+
; Clock                            ; Slack ; End Point TNS ;
+----------------------------------+-------+---------------+
; frequency_scaling:inst4|clk_5MHz ; 0.343 ; 0.000         ;
; clk_50MHz                        ; 0.358 ; 0.000         ;
+----------------------------------+-------+---------------+


------------------------------------------
; Slow 1200mV 85C Model Recovery Summary ;
------------------------------------------
No paths to report.


-----------------------------------------
; Slow 1200mV 85C Model Removal Summary ;
-----------------------------------------
No paths to report.


+-----------------------------------------------------------+
; Slow 1200mV 85C Model Minimum Pulse Width Summary         ;
+----------------------------------+--------+---------------+
; Clock                            ; Slack  ; End Point TNS ;
+----------------------------------+--------+---------------+
; clk_50MHz                        ; -3.000 ; -7.000        ;
; frequency_scaling:inst4|clk_5MHz ; -1.000 ; -30.000       ;
+----------------------------------+--------+---------------+


+---------------------------------------------------------------------------------------------------------------------------------------------------------------------------------------------+
; Slow 1200mV 85C Model Setup: 'frequency_scaling:inst4|clk_5MHz'                                                                                                                             ;
+--------+----------------------------------+----------------------------------+----------------------------------+----------------------------------+--------------+------------+------------+
; Slack  ; From Node                        ; To Node                          ; Launch Clock                     ; Latch Clock                      ; Relationship ; Clock Skew ; Data Delay ;
+--------+----------------------------------+----------------------------------+----------------------------------+----------------------------------+--------------+------------+------------+
; -1.533 ; pwm_generator:inst|clk_count[1]  ; pwm_generator:inst|clk_count[12] ; frequency_scaling:inst4|clk_5MHz ; frequency_scaling:inst4|clk_5MHz ; 1.000        ; -0.077     ; 2.451      ;
; -1.438 ; pwm_generator:inst|clk_count[1]  ; pwm_generator:inst|clk_count[3]  ; frequency_scaling:inst4|clk_5MHz ; frequency_scaling:inst4|clk_5MHz ; 1.000        ; -0.427     ; 2.006      ;
; -1.403 ; pwm_generator:inst|pwm_count[0]  ; pwm_generator:inst|pwm_count[9]  ; frequency_scaling:inst4|clk_5MHz ; frequency_scaling:inst4|clk_5MHz ; 1.000        ; -0.064     ; 2.334      ;
; -1.395 ; pwm_generator:inst|pwm_count[1]  ; pwm_generator:inst|pwm_count[9]  ; frequency_scaling:inst4|clk_5MHz ; frequency_scaling:inst4|clk_5MHz ; 1.000        ; -0.064     ; 2.326      ;
; -1.393 ; pwm_generator:inst|clk_count[1]  ; pwm_generator:inst|clk_count[8]  ; frequency_scaling:inst4|clk_5MHz ; frequency_scaling:inst4|clk_5MHz ; 1.000        ; -0.077     ; 2.311      ;
; -1.366 ; pwm_generator:inst|clk_count[7]  ; pwm_generator:inst|clk_count[12] ; frequency_scaling:inst4|clk_5MHz ; frequency_scaling:inst4|clk_5MHz ; 1.000        ; -0.077     ; 2.284      ;
; -1.357 ; pwm_generator:inst|pwm_count[1]  ; pwm_generator:inst|pwm_count[10] ; frequency_scaling:inst4|clk_5MHz ; frequency_scaling:inst4|clk_5MHz ; 1.000        ; -0.063     ; 2.289      ;
; -1.336 ; pwm_generator:inst|clk_count[8]  ; pwm_generator:inst|clk_count[12] ; frequency_scaling:inst4|clk_5MHz ; frequency_scaling:inst4|clk_5MHz ; 1.000        ; -0.077     ; 2.254      ;
; -1.332 ; pwm_generator:inst|clk_count[1]  ; pwm_generator:inst|clk_count[11] ; frequency_scaling:inst4|clk_5MHz ; frequency_scaling:inst4|clk_5MHz ; 1.000        ; -0.427     ; 1.900      ;
; -1.329 ; pwm_generator:inst|clk_count[3]  ; pwm_generator:inst|clk_count[12] ; frequency_scaling:inst4|clk_5MHz ; frequency_scaling:inst4|clk_5MHz ; 1.000        ; 0.287      ; 2.611      ;
; -1.313 ; pwm_generator:inst|pwm_count[4]  ; pwm_generator:inst|pwm_count[9]  ; frequency_scaling:inst4|clk_5MHz ; frequency_scaling:inst4|clk_5MHz ; 1.000        ; -0.064     ; 2.244      ;
; -1.309 ; pwm_generator:inst|pwm_count[1]  ; pwm_generator:inst|pwm_count[4]  ; frequency_scaling:inst4|clk_5MHz ; frequency_scaling:inst4|clk_5MHz ; 1.000        ; -0.064     ; 2.240      ;
; -1.308 ; pwm_generator:inst|pwm_count[2]  ; pwm_generator:inst|pwm_count[9]  ; frequency_scaling:inst4|clk_5MHz ; frequency_scaling:inst4|clk_5MHz ; 1.000        ; -0.064     ; 2.239      ;
; -1.297 ; pwm_generator:inst|clk_count[1]  ; pwm_generator:inst|clk_count[10] ; frequency_scaling:inst4|clk_5MHz ; frequency_scaling:inst4|clk_5MHz ; 1.000        ; -0.427     ; 1.865      ;
; -1.281 ; pwm_generator:inst|pwm_count[3]  ; pwm_generator:inst|pwm_count[9]  ; frequency_scaling:inst4|clk_5MHz ; frequency_scaling:inst4|clk_5MHz ; 1.000        ; -0.064     ; 2.212      ;
; -1.277 ; pwm_generator:inst|pwm_count[0]  ; pwm_generator:inst|pwm_count[10] ; frequency_scaling:inst4|clk_5MHz ; frequency_scaling:inst4|clk_5MHz ; 1.000        ; -0.063     ; 2.209      ;
; -1.276 ; pwm_generator:inst|clk_count[0]  ; pwm_generator:inst|clk_count[1]  ; frequency_scaling:inst4|clk_5MHz ; frequency_scaling:inst4|clk_5MHz ; 1.000        ; 0.287      ; 2.558      ;
; -1.270 ; pwm_generator:inst|clk_count[0]  ; pwm_generator:inst|clk_count[12] ; frequency_scaling:inst4|clk_5MHz ; frequency_scaling:inst4|clk_5MHz ; 1.000        ; 0.288      ; 2.553      ;
; -1.269 ; pwm_generator:inst|clk_count[0]  ; pwm_generator:inst|clk_count[3]  ; frequency_scaling:inst4|clk_5MHz ; frequency_scaling:inst4|clk_5MHz ; 1.000        ; -0.062     ; 2.202      ;
; -1.256 ; pwm_generator:inst|clk_count[1]  ; pwm_generator:inst|clk_count[2]  ; frequency_scaling:inst4|clk_5MHz ; frequency_scaling:inst4|clk_5MHz ; 1.000        ; -0.427     ; 1.824      ;
; -1.247 ; pwm_generator:inst|pwm_count[0]  ; pwm_generator:inst|pwm_count[13] ; frequency_scaling:inst4|clk_5MHz ; frequency_scaling:inst4|clk_5MHz ; 1.000        ; 0.287      ; 2.529      ;
; -1.243 ; pwm_generator:inst|pwm_count[5]  ; pwm_generator:inst|pwm_count[8]  ; frequency_scaling:inst4|clk_5MHz ; frequency_scaling:inst4|clk_5MHz ; 1.000        ; -0.063     ; 2.175      ;
; -1.243 ; pwm_generator:inst|pwm_count[3]  ; pwm_generator:inst|pwm_count[10] ; frequency_scaling:inst4|clk_5MHz ; frequency_scaling:inst4|clk_5MHz ; 1.000        ; -0.063     ; 2.175      ;
; -1.242 ; pwm_generator:inst|pwm_count[5]  ; pwm_generator:inst|pwm_count[10] ; frequency_scaling:inst4|clk_5MHz ; frequency_scaling:inst4|clk_5MHz ; 1.000        ; -0.063     ; 2.174      ;
; -1.240 ; pwm_generator:inst|pwm_count[1]  ; pwm_generator:inst|pwm_count[8]  ; frequency_scaling:inst4|clk_5MHz ; frequency_scaling:inst4|clk_5MHz ; 1.000        ; -0.063     ; 2.172      ;
; -1.237 ; pwm_generator:inst|pwm_count[1]  ; pwm_generator:inst|pwm_count[13] ; frequency_scaling:inst4|clk_5MHz ; frequency_scaling:inst4|clk_5MHz ; 1.000        ; 0.287      ; 2.519      ;
; -1.229 ; pwm_generator:inst|clk_count[8]  ; pwm_generator:inst|clk_count[11] ; frequency_scaling:inst4|clk_5MHz ; frequency_scaling:inst4|clk_5MHz ; 1.000        ; -0.427     ; 1.797      ;
; -1.229 ; pwm_generator:inst|pwm_count[0]  ; pwm_generator:inst|pwm_count[4]  ; frequency_scaling:inst4|clk_5MHz ; frequency_scaling:inst4|clk_5MHz ; 1.000        ; -0.064     ; 2.160      ;
; -1.226 ; pwm_generator:inst|clk_count[7]  ; pwm_generator:inst|clk_count[8]  ; frequency_scaling:inst4|clk_5MHz ; frequency_scaling:inst4|clk_5MHz ; 1.000        ; -0.077     ; 2.144      ;
; -1.212 ; pwm_generator:inst|pwm_count[2]  ; pwm_generator:inst|pwm_count[8]  ; frequency_scaling:inst4|clk_5MHz ; frequency_scaling:inst4|clk_5MHz ; 1.000        ; -0.063     ; 2.144      ;
; -1.210 ; pwm_generator:inst|pwm_count[2]  ; pwm_generator:inst|pwm_count[10] ; frequency_scaling:inst4|clk_5MHz ; frequency_scaling:inst4|clk_5MHz ; 1.000        ; -0.063     ; 2.142      ;
; -1.202 ; pwm_generator:inst|clk_count[1]  ; pwm_generator:inst|clk_count[7]  ; frequency_scaling:inst4|clk_5MHz ; frequency_scaling:inst4|clk_5MHz ; 1.000        ; -0.077     ; 2.120      ;
; -1.195 ; pwm_generator:inst|pwm_count[3]  ; pwm_generator:inst|pwm_count[4]  ; frequency_scaling:inst4|clk_5MHz ; frequency_scaling:inst4|clk_5MHz ; 1.000        ; -0.064     ; 2.126      ;
; -1.189 ; pwm_generator:inst|clk_count[3]  ; pwm_generator:inst|clk_count[8]  ; frequency_scaling:inst4|clk_5MHz ; frequency_scaling:inst4|clk_5MHz ; 1.000        ; 0.287      ; 2.471      ;
; -1.178 ; pwm_generator:inst|clk_count[1]  ; pwm_generator:inst|clk_count[9]  ; frequency_scaling:inst4|clk_5MHz ; frequency_scaling:inst4|clk_5MHz ; 1.000        ; -0.078     ; 2.095      ;
; -1.169 ; pwm_generator:inst|pwm_count[5]  ; pwm_generator:inst|pwm_count[9]  ; frequency_scaling:inst4|clk_5MHz ; frequency_scaling:inst4|clk_5MHz ; 1.000        ; -0.064     ; 2.100      ;
; -1.169 ; pwm_generator:inst|pwm_count[4]  ; pwm_generator:inst|pwm_count[10] ; frequency_scaling:inst4|clk_5MHz ; frequency_scaling:inst4|clk_5MHz ; 1.000        ; -0.063     ; 2.101      ;
; -1.169 ; pwm_generator:inst|pwm_count[9]  ; pwm_generator:inst|pwm_count[10] ; frequency_scaling:inst4|clk_5MHz ; frequency_scaling:inst4|clk_5MHz ; 1.000        ; -0.063     ; 2.101      ;
; -1.169 ; pwm_generator:inst|pwm_count[9]  ; pwm_generator:inst|pwm_count[8]  ; frequency_scaling:inst4|clk_5MHz ; frequency_scaling:inst4|clk_5MHz ; 1.000        ; -0.063     ; 2.101      ;
; -1.163 ; pwm_generator:inst|clk_count[0]  ; pwm_generator:inst|clk_count[11] ; frequency_scaling:inst4|clk_5MHz ; frequency_scaling:inst4|clk_5MHz ; 1.000        ; -0.062     ; 2.096      ;
; -1.162 ; pwm_generator:inst|pwm_count[1]  ; pwm_generator:inst|pwm_count[12] ; frequency_scaling:inst4|clk_5MHz ; frequency_scaling:inst4|clk_5MHz ; 1.000        ; -0.063     ; 2.094      ;
; -1.160 ; pwm_generator:inst|pwm_count[0]  ; pwm_generator:inst|pwm_count[8]  ; frequency_scaling:inst4|clk_5MHz ; frequency_scaling:inst4|clk_5MHz ; 1.000        ; -0.063     ; 2.092      ;
; -1.157 ; pwm_generator:inst|pwm_count[9]  ; pwm_generator:inst|pwm_count[4]  ; frequency_scaling:inst4|clk_5MHz ; frequency_scaling:inst4|clk_5MHz ; 1.000        ; -0.064     ; 2.088      ;
; -1.157 ; pwm_generator:inst|pwm_count[4]  ; pwm_generator:inst|pwm_count[13] ; frequency_scaling:inst4|clk_5MHz ; frequency_scaling:inst4|clk_5MHz ; 1.000        ; 0.287      ; 2.439      ;
; -1.155 ; pwm_generator:inst|clk_count[2]  ; pwm_generator:inst|clk_count[12] ; frequency_scaling:inst4|clk_5MHz ; frequency_scaling:inst4|clk_5MHz ; 1.000        ; 0.288      ; 2.438      ;
; -1.154 ; pwm_generator:inst|clk_count[2]  ; pwm_generator:inst|clk_count[3]  ; frequency_scaling:inst4|clk_5MHz ; frequency_scaling:inst4|clk_5MHz ; 1.000        ; -0.062     ; 2.087      ;
; -1.153 ; pwm_generator:inst|clk_count[9]  ; pwm_generator:inst|clk_count[3]  ; frequency_scaling:inst4|clk_5MHz ; frequency_scaling:inst4|clk_5MHz ; 1.000        ; -0.427     ; 1.721      ;
; -1.152 ; pwm_generator:inst|pwm_count[2]  ; pwm_generator:inst|pwm_count[13] ; frequency_scaling:inst4|clk_5MHz ; frequency_scaling:inst4|clk_5MHz ; 1.000        ; 0.287      ; 2.434      ;
; -1.151 ; pwm_generator:inst|clk_count[7]  ; pwm_generator:inst|clk_count[11] ; frequency_scaling:inst4|clk_5MHz ; frequency_scaling:inst4|clk_5MHz ; 1.000        ; -0.427     ; 1.719      ;
; -1.140 ; pwm_generator:inst|clk_count[12] ; pwm_generator:inst|clk_count[3]  ; frequency_scaling:inst4|clk_5MHz ; frequency_scaling:inst4|clk_5MHz ; 1.000        ; -0.427     ; 1.708      ;
; -1.140 ; pwm_generator:inst|pwm_count[12] ; pwm_generator:inst|pwm_count[9]  ; frequency_scaling:inst4|clk_5MHz ; frequency_scaling:inst4|clk_5MHz ; 1.000        ; -0.064     ; 2.071      ;
; -1.139 ; pwm_generator:inst|pwm_count[12] ; pwm_generator:inst|pwm_count[4]  ; frequency_scaling:inst4|clk_5MHz ; frequency_scaling:inst4|clk_5MHz ; 1.000        ; -0.064     ; 2.070      ;
; -1.134 ; pwm_generator:inst|pwm_count[2]  ; pwm_generator:inst|pwm_count[4]  ; frequency_scaling:inst4|clk_5MHz ; frequency_scaling:inst4|clk_5MHz ; 1.000        ; -0.064     ; 2.065      ;
; -1.130 ; pwm_generator:inst|clk_count[7]  ; pwm_generator:inst|clk_count[10] ; frequency_scaling:inst4|clk_5MHz ; frequency_scaling:inst4|clk_5MHz ; 1.000        ; -0.427     ; 1.698      ;
; -1.126 ; pwm_generator:inst|pwm_count[3]  ; pwm_generator:inst|pwm_count[8]  ; frequency_scaling:inst4|clk_5MHz ; frequency_scaling:inst4|clk_5MHz ; 1.000        ; -0.063     ; 2.058      ;
; -1.123 ; pwm_generator:inst|pwm_count[3]  ; pwm_generator:inst|pwm_count[13] ; frequency_scaling:inst4|clk_5MHz ; frequency_scaling:inst4|clk_5MHz ; 1.000        ; 0.287      ; 2.405      ;
; -1.117 ; pwm_generator:inst|pwm_count[12] ; pwm_generator:inst|pwm_count[10] ; frequency_scaling:inst4|clk_5MHz ; frequency_scaling:inst4|clk_5MHz ; 1.000        ; -0.063     ; 2.049      ;
; -1.116 ; pwm_generator:inst|pwm_count[12] ; pwm_generator:inst|pwm_count[8]  ; frequency_scaling:inst4|clk_5MHz ; frequency_scaling:inst4|clk_5MHz ; 1.000        ; -0.063     ; 2.048      ;
; -1.113 ; pwm_generator:inst|clk_count[0]  ; pwm_generator:inst|clk_count[8]  ; frequency_scaling:inst4|clk_5MHz ; frequency_scaling:inst4|clk_5MHz ; 1.000        ; 0.288      ; 2.396      ;
; -1.111 ; pwm_generator:inst|clk_count[13] ; pwm_generator:inst|clk_count[3]  ; frequency_scaling:inst4|clk_5MHz ; frequency_scaling:inst4|clk_5MHz ; 1.000        ; -0.427     ; 1.679      ;
; -1.107 ; pwm_generator:inst|clk_count[8]  ; pwm_generator:inst|clk_count[10] ; frequency_scaling:inst4|clk_5MHz ; frequency_scaling:inst4|clk_5MHz ; 1.000        ; -0.427     ; 1.675      ;
; -1.099 ; pwm_generator:inst|clk_count[1]  ; pwm_generator:inst|clk_count[13] ; frequency_scaling:inst4|clk_5MHz ; frequency_scaling:inst4|clk_5MHz ; 1.000        ; -0.078     ; 2.016      ;
; -1.097 ; pwm_generator:inst|clk_count[1]  ; pwm_generator:inst|clk_count[1]  ; frequency_scaling:inst4|clk_5MHz ; frequency_scaling:inst4|clk_5MHz ; 1.000        ; -0.078     ; 2.014      ;
; -1.093 ; pwm_generator:inst|clk_count[3]  ; pwm_generator:inst|clk_count[10] ; frequency_scaling:inst4|clk_5MHz ; frequency_scaling:inst4|clk_5MHz ; 1.000        ; -0.063     ; 2.025      ;
; -1.092 ; pwm_generator:inst|pwm_count[4]  ; pwm_generator:inst|pwm_count[8]  ; frequency_scaling:inst4|clk_5MHz ; frequency_scaling:inst4|clk_5MHz ; 1.000        ; -0.063     ; 2.024      ;
; -1.091 ; pwm_generator:inst|pwm_count[10] ; pwm_generator:inst|pwm_count[9]  ; frequency_scaling:inst4|clk_5MHz ; frequency_scaling:inst4|clk_5MHz ; 1.000        ; -0.064     ; 2.022      ;
; -1.091 ; pwm_generator:inst|pwm_count[10] ; pwm_generator:inst|pwm_count[4]  ; frequency_scaling:inst4|clk_5MHz ; frequency_scaling:inst4|clk_5MHz ; 1.000        ; -0.064     ; 2.022      ;
; -1.087 ; pwm_generator:inst|clk_count[3]  ; pwm_generator:inst|clk_count[11] ; frequency_scaling:inst4|clk_5MHz ; frequency_scaling:inst4|clk_5MHz ; 1.000        ; -0.063     ; 2.019      ;
; -1.082 ; pwm_generator:inst|pwm_count[0]  ; pwm_generator:inst|pwm_count[12] ; frequency_scaling:inst4|clk_5MHz ; frequency_scaling:inst4|clk_5MHz ; 1.000        ; -0.063     ; 2.014      ;
; -1.078 ; pwm_generator:inst|pwm_count[13] ; pwm_generator:inst|pwm_count[9]  ; frequency_scaling:inst4|clk_5MHz ; frequency_scaling:inst4|clk_5MHz ; 1.000        ; -0.429     ; 1.644      ;
; -1.078 ; pwm_generator:inst|pwm_count[13] ; pwm_generator:inst|pwm_count[4]  ; frequency_scaling:inst4|clk_5MHz ; frequency_scaling:inst4|clk_5MHz ; 1.000        ; -0.429     ; 1.644      ;
; -1.075 ; pwm_generator:inst|clk_count[8]  ; pwm_generator:inst|clk_count[9]  ; frequency_scaling:inst4|clk_5MHz ; frequency_scaling:inst4|clk_5MHz ; 1.000        ; -0.078     ; 1.992      ;
; -1.074 ; pwm_generator:inst|pwm_count[6]  ; pwm_generator:inst|pwm_count[10] ; frequency_scaling:inst4|clk_5MHz ; frequency_scaling:inst4|clk_5MHz ; 1.000        ; -0.063     ; 2.006      ;
; -1.073 ; pwm_generator:inst|pwm_count[7]  ; pwm_generator:inst|pwm_count[9]  ; frequency_scaling:inst4|clk_5MHz ; frequency_scaling:inst4|clk_5MHz ; 1.000        ; -0.064     ; 2.004      ;
; -1.073 ; pwm_generator:inst|pwm_count[6]  ; pwm_generator:inst|pwm_count[8]  ; frequency_scaling:inst4|clk_5MHz ; frequency_scaling:inst4|clk_5MHz ; 1.000        ; -0.063     ; 2.005      ;
; -1.069 ; pwm_generator:inst|clk_count[9]  ; pwm_generator:inst|clk_count[12] ; frequency_scaling:inst4|clk_5MHz ; frequency_scaling:inst4|clk_5MHz ; 1.000        ; -0.077     ; 1.987      ;
; -1.069 ; pwm_generator:inst|pwm_count[7]  ; pwm_generator:inst|pwm_count[10] ; frequency_scaling:inst4|clk_5MHz ; frequency_scaling:inst4|clk_5MHz ; 1.000        ; -0.063     ; 2.001      ;
; -1.068 ; pwm_generator:inst|pwm_count[7]  ; pwm_generator:inst|pwm_count[8]  ; frequency_scaling:inst4|clk_5MHz ; frequency_scaling:inst4|clk_5MHz ; 1.000        ; -0.063     ; 2.000      ;
; -1.065 ; pwm_generator:inst|clk_count[1]  ; pwm_generator:inst|clk_count[6]  ; frequency_scaling:inst4|clk_5MHz ; frequency_scaling:inst4|clk_5MHz ; 1.000        ; -0.427     ; 1.633      ;
; -1.061 ; pwm_generator:inst|pwm_count[10] ; pwm_generator:inst|pwm_count[10] ; frequency_scaling:inst4|clk_5MHz ; frequency_scaling:inst4|clk_5MHz ; 1.000        ; -0.063     ; 1.993      ;
; -1.060 ; pwm_generator:inst|pwm_count[10] ; pwm_generator:inst|pwm_count[8]  ; frequency_scaling:inst4|clk_5MHz ; frequency_scaling:inst4|clk_5MHz ; 1.000        ; -0.063     ; 1.992      ;
; -1.057 ; pwm_generator:inst|pwm_count[6]  ; pwm_generator:inst|pwm_count[9]  ; frequency_scaling:inst4|clk_5MHz ; frequency_scaling:inst4|clk_5MHz ; 1.000        ; -0.064     ; 1.988      ;
; -1.055 ; pwm_generator:inst|pwm_count[6]  ; pwm_generator:inst|pwm_count[4]  ; frequency_scaling:inst4|clk_5MHz ; frequency_scaling:inst4|clk_5MHz ; 1.000        ; -0.064     ; 1.986      ;
; -1.053 ; pwm_generator:inst|clk_count[9]  ; pwm_generator:inst|clk_count[9]  ; frequency_scaling:inst4|clk_5MHz ; frequency_scaling:inst4|clk_5MHz ; 1.000        ; -0.078     ; 1.970      ;
; -1.051 ; pwm_generator:inst|clk_count[5]  ; pwm_generator:inst|clk_count[12] ; frequency_scaling:inst4|clk_5MHz ; frequency_scaling:inst4|clk_5MHz ; 1.000        ; 0.288      ; 2.334      ;
; -1.050 ; pwm_generator:inst|pwm_count[7]  ; pwm_generator:inst|pwm_count[4]  ; frequency_scaling:inst4|clk_5MHz ; frequency_scaling:inst4|clk_5MHz ; 1.000        ; -0.064     ; 1.981      ;
; -1.048 ; pwm_generator:inst|clk_count[2]  ; pwm_generator:inst|clk_count[11] ; frequency_scaling:inst4|clk_5MHz ; frequency_scaling:inst4|clk_5MHz ; 1.000        ; -0.062     ; 1.981      ;
; -1.048 ; pwm_generator:inst|pwm_count[3]  ; pwm_generator:inst|pwm_count[12] ; frequency_scaling:inst4|clk_5MHz ; frequency_scaling:inst4|clk_5MHz ; 1.000        ; -0.063     ; 1.980      ;
; -1.048 ; pwm_generator:inst|pwm_count[13] ; pwm_generator:inst|pwm_count[10] ; frequency_scaling:inst4|clk_5MHz ; frequency_scaling:inst4|clk_5MHz ; 1.000        ; -0.428     ; 1.615      ;
; -1.047 ; pwm_generator:inst|pwm_count[0]  ; pwm_generator:inst|pwm_count[11] ; frequency_scaling:inst4|clk_5MHz ; frequency_scaling:inst4|clk_5MHz ; 1.000        ; -0.063     ; 1.979      ;
; -1.047 ; pwm_generator:inst|pwm_count[13] ; pwm_generator:inst|pwm_count[8]  ; frequency_scaling:inst4|clk_5MHz ; frequency_scaling:inst4|clk_5MHz ; 1.000        ; -0.428     ; 1.614      ;
; -1.041 ; pwm_generator:inst|clk_count[0]  ; pwm_generator:inst|clk_count[10] ; frequency_scaling:inst4|clk_5MHz ; frequency_scaling:inst4|clk_5MHz ; 1.000        ; -0.062     ; 1.974      ;
; -1.040 ; pwm_generator:inst|clk_count[10] ; pwm_generator:inst|clk_count[3]  ; frequency_scaling:inst4|clk_5MHz ; frequency_scaling:inst4|clk_5MHz ; 1.000        ; -0.062     ; 1.973      ;
; -1.040 ; pwm_generator:inst|pwm_count[1]  ; pwm_generator:inst|pwm_count[11] ; frequency_scaling:inst4|clk_5MHz ; frequency_scaling:inst4|clk_5MHz ; 1.000        ; -0.063     ; 1.972      ;
; -1.033 ; pwm_generator:inst|clk_count[0]  ; pwm_generator:inst|clk_count[7]  ; frequency_scaling:inst4|clk_5MHz ; frequency_scaling:inst4|clk_5MHz ; 1.000        ; 0.288      ; 2.316      ;
; -1.015 ; pwm_generator:inst|clk_count[8]  ; pwm_generator:inst|clk_count[3]  ; frequency_scaling:inst4|clk_5MHz ; frequency_scaling:inst4|clk_5MHz ; 1.000        ; -0.427     ; 1.583      ;
; -1.011 ; pwm_generator:inst|pwm_count[9]  ; pwm_generator:inst|pwm_count[9]  ; frequency_scaling:inst4|clk_5MHz ; frequency_scaling:inst4|clk_5MHz ; 1.000        ; -0.064     ; 1.942      ;
; -1.011 ; pwm_generator:inst|pwm_count[5]  ; pwm_generator:inst|pwm_count[13] ; frequency_scaling:inst4|clk_5MHz ; frequency_scaling:inst4|clk_5MHz ; 1.000        ; 0.287      ; 2.293      ;
; -1.009 ; pwm_generator:inst|clk_count[0]  ; pwm_generator:inst|clk_count[9]  ; frequency_scaling:inst4|clk_5MHz ; frequency_scaling:inst4|clk_5MHz ; 1.000        ; 0.287      ; 2.291      ;
; -0.998 ; pwm_generator:inst|clk_count[2]  ; pwm_generator:inst|clk_count[8]  ; frequency_scaling:inst4|clk_5MHz ; frequency_scaling:inst4|clk_5MHz ; 1.000        ; 0.288      ; 2.281      ;
+--------+----------------------------------+----------------------------------+----------------------------------+----------------------------------+--------------+------------+------------+


+------------------------------------------------------------------------------------------------------------------------------------------------------------------------+
; Slow 1200mV 85C Model Setup: 'clk_50MHz'                                                                                                                               ;
+--------+----------------------------------+----------------------------------+----------------------------------+-------------+--------------+------------+------------+
; Slack  ; From Node                        ; To Node                          ; Launch Clock                     ; Latch Clock ; Relationship ; Clock Skew ; Data Delay ;
+--------+----------------------------------+----------------------------------+----------------------------------+-------------+--------------+------------+------------+
; -1.031 ; frequency_scaling:inst4|count[0] ; frequency_scaling:inst4|clk_5MHz ; clk_50MHz                        ; clk_50MHz   ; 1.000        ; -0.062     ; 1.964      ;
; -0.858 ; frequency_scaling:inst4|count[2] ; frequency_scaling:inst4|clk_5MHz ; clk_50MHz                        ; clk_50MHz   ; 1.000        ; -0.062     ; 1.791      ;
; -0.775 ; frequency_scaling:inst4|clk_5MHz ; frequency_scaling:inst4|clk_5MHz ; frequency_scaling:inst4|clk_5MHz ; clk_50MHz   ; 0.500        ; 2.133      ; 3.592      ;
; -0.732 ; frequency_scaling:inst4|count[1] ; frequency_scaling:inst4|clk_5MHz ; clk_50MHz                        ; clk_50MHz   ; 1.000        ; -0.062     ; 1.665      ;
; -0.171 ; frequency_scaling:inst4|clk_5MHz ; frequency_scaling:inst4|clk_5MHz ; frequency_scaling:inst4|clk_5MHz ; clk_50MHz   ; 1.000        ; 2.133      ; 3.488      ;
; -0.069 ; frequency_scaling:inst4|count[1] ; frequency_scaling:inst4|count[2] ; clk_50MHz                        ; clk_50MHz   ; 1.000        ; -0.062     ; 1.002      ;
; -0.055 ; frequency_scaling:inst4|count[1] ; frequency_scaling:inst4|count[0] ; clk_50MHz                        ; clk_50MHz   ; 1.000        ; -0.062     ; 0.988      ;
; -0.050 ; frequency_scaling:inst4|count[2] ; frequency_scaling:inst4|count[0] ; clk_50MHz                        ; clk_50MHz   ; 1.000        ; -0.062     ; 0.983      ;
; 0.084  ; frequency_scaling:inst4|count[0] ; frequency_scaling:inst4|count[1] ; clk_50MHz                        ; clk_50MHz   ; 1.000        ; -0.062     ; 0.849      ;
; 0.085  ; frequency_scaling:inst4|count[0] ; frequency_scaling:inst4|count[2] ; clk_50MHz                        ; clk_50MHz   ; 1.000        ; -0.062     ; 0.848      ;
; 0.274  ; frequency_scaling:inst4|count[0] ; frequency_scaling:inst4|count[0] ; clk_50MHz                        ; clk_50MHz   ; 1.000        ; -0.062     ; 0.659      ;
; 0.274  ; frequency_scaling:inst4|count[2] ; frequency_scaling:inst4|count[2] ; clk_50MHz                        ; clk_50MHz   ; 1.000        ; -0.062     ; 0.659      ;
; 0.274  ; frequency_scaling:inst4|count[1] ; frequency_scaling:inst4|count[1] ; clk_50MHz                        ; clk_50MHz   ; 1.000        ; -0.062     ; 0.659      ;
+--------+----------------------------------+----------------------------------+----------------------------------+-------------+--------------+------------+------------+


+--------------------------------------------------------------------------------------------------------------------------------------------------------------------------------------------+
; Slow 1200mV 85C Model Hold: 'frequency_scaling:inst4|clk_5MHz'                                                                                                                             ;
+-------+----------------------------------+----------------------------------+----------------------------------+----------------------------------+--------------+------------+------------+
; Slack ; From Node                        ; To Node                          ; Launch Clock                     ; Latch Clock                      ; Relationship ; Clock Skew ; Data Delay ;
+-------+----------------------------------+----------------------------------+----------------------------------+----------------------------------+--------------+------------+------------+
; 0.343 ; pwm_generator:inst|clk_500Hz     ; pwm_generator:inst|clk_500Hz     ; frequency_scaling:inst4|clk_5MHz ; frequency_scaling:inst4|clk_5MHz ; 0.000        ; 0.077      ; 0.577      ;
; 0.493 ; pwm_generator:inst|clk_count[13] ; pwm_generator:inst|clk_count[13] ; frequency_scaling:inst4|clk_5MHz ; frequency_scaling:inst4|clk_5MHz ; 0.000        ; 0.078      ; 0.728      ;
; 0.567 ; pwm_generator:inst|pwm_count[1]  ; pwm_generator:inst|pwm_count[1]  ; frequency_scaling:inst4|clk_5MHz ; frequency_scaling:inst4|clk_5MHz ; 0.000        ; 0.063      ; 0.787      ;
; 0.568 ; pwm_generator:inst|pwm_count[3]  ; pwm_generator:inst|pwm_count[3]  ; frequency_scaling:inst4|clk_5MHz ; frequency_scaling:inst4|clk_5MHz ; 0.000        ; 0.063      ; 0.788      ;
; 0.569 ; pwm_generator:inst|clk_count[5]  ; pwm_generator:inst|clk_count[5]  ; frequency_scaling:inst4|clk_5MHz ; frequency_scaling:inst4|clk_5MHz ; 0.000        ; 0.062      ; 0.788      ;
; 0.569 ; pwm_generator:inst|clk_count[11] ; pwm_generator:inst|clk_count[11] ; frequency_scaling:inst4|clk_5MHz ; frequency_scaling:inst4|clk_5MHz ; 0.000        ; 0.062      ; 0.788      ;
; 0.570 ; pwm_generator:inst|clk_count[6]  ; pwm_generator:inst|clk_count[6]  ; frequency_scaling:inst4|clk_5MHz ; frequency_scaling:inst4|clk_5MHz ; 0.000        ; 0.062      ; 0.789      ;
; 0.571 ; pwm_generator:inst|pwm_count[5]  ; pwm_generator:inst|pwm_count[5]  ; frequency_scaling:inst4|clk_5MHz ; frequency_scaling:inst4|clk_5MHz ; 0.000        ; 0.063      ; 0.791      ;
; 0.573 ; pwm_generator:inst|clk_count[4]  ; pwm_generator:inst|clk_count[4]  ; frequency_scaling:inst4|clk_5MHz ; frequency_scaling:inst4|clk_5MHz ; 0.000        ; 0.062      ; 0.792      ;
; 0.573 ; pwm_generator:inst|pwm_count[6]  ; pwm_generator:inst|pwm_count[6]  ; frequency_scaling:inst4|clk_5MHz ; frequency_scaling:inst4|clk_5MHz ; 0.000        ; 0.063      ; 0.793      ;
; 0.574 ; pwm_generator:inst|clk_count[10] ; pwm_generator:inst|clk_count[10] ; frequency_scaling:inst4|clk_5MHz ; frequency_scaling:inst4|clk_5MHz ; 0.000        ; 0.062      ; 0.793      ;
; 0.586 ; pwm_generator:inst|pwm_count[11] ; pwm_generator:inst|pwm_count[11] ; frequency_scaling:inst4|clk_5MHz ; frequency_scaling:inst4|clk_5MHz ; 0.000        ; 0.063      ; 0.806      ;
; 0.589 ; pwm_generator:inst|clk_count[11] ; pwm_generator:inst|clk_count[13] ; frequency_scaling:inst4|clk_5MHz ; frequency_scaling:inst4|clk_5MHz ; 0.000        ; 0.427      ; 1.173      ;
; 0.590 ; pwm_generator:inst|pwm_count[7]  ; pwm_generator:inst|pwm_count[7]  ; frequency_scaling:inst4|clk_5MHz ; frequency_scaling:inst4|clk_5MHz ; 0.000        ; 0.063      ; 0.810      ;
; 0.591 ; pwm_generator:inst|pwm_count[12] ; pwm_generator:inst|pwm_count[12] ; frequency_scaling:inst4|clk_5MHz ; frequency_scaling:inst4|clk_5MHz ; 0.000        ; 0.063      ; 0.811      ;
; 0.591 ; pwm_generator:inst|pwm_count[2]  ; pwm_generator:inst|pwm_count[2]  ; frequency_scaling:inst4|clk_5MHz ; frequency_scaling:inst4|clk_5MHz ; 0.000        ; 0.063      ; 0.811      ;
; 0.591 ; pwm_generator:inst|pwm_count[0]  ; pwm_generator:inst|pwm_count[0]  ; frequency_scaling:inst4|clk_5MHz ; frequency_scaling:inst4|clk_5MHz ; 0.000        ; 0.063      ; 0.811      ;
; 0.608 ; pwm_generator:inst|clk_count[10] ; pwm_generator:inst|clk_count[13] ; frequency_scaling:inst4|clk_5MHz ; frequency_scaling:inst4|clk_5MHz ; 0.000        ; 0.427      ; 1.192      ;
; 0.638 ; pwm_generator:inst|pwm_count[9]  ; pwm_generator:inst|pwm_signal    ; frequency_scaling:inst4|clk_5MHz ; frequency_scaling:inst4|clk_5MHz ; 0.000        ; 0.428      ; 1.223      ;
; 0.665 ; pwm_generator:inst|pwm_count[12] ; pwm_generator:inst|pwm_signal    ; frequency_scaling:inst4|clk_5MHz ; frequency_scaling:inst4|clk_5MHz ; 0.000        ; 0.427      ; 1.249      ;
; 0.714 ; pwm_generator:inst|pwm_count[11] ; pwm_generator:inst|pwm_signal    ; frequency_scaling:inst4|clk_5MHz ; frequency_scaling:inst4|clk_5MHz ; 0.000        ; 0.427      ; 1.298      ;
; 0.731 ; pwm_generator:inst|pwm_count[8]  ; pwm_generator:inst|pwm_count[13] ; frequency_scaling:inst4|clk_5MHz ; frequency_scaling:inst4|clk_5MHz ; 0.000        ; 0.428      ; 1.316      ;
; 0.731 ; pwm_generator:inst|pwm_count[13] ; pwm_generator:inst|pwm_signal    ; frequency_scaling:inst4|clk_5MHz ; frequency_scaling:inst4|clk_5MHz ; 0.000        ; 0.077      ; 0.965      ;
; 0.757 ; pwm_generator:inst|clk_count[6]  ; pwm_generator:inst|clk_count[8]  ; frequency_scaling:inst4|clk_5MHz ; frequency_scaling:inst4|clk_5MHz ; 0.000        ; 0.427      ; 1.341      ;
; 0.758 ; pwm_generator:inst|clk_count[6]  ; pwm_generator:inst|clk_count[7]  ; frequency_scaling:inst4|clk_5MHz ; frequency_scaling:inst4|clk_5MHz ; 0.000        ; 0.427      ; 1.342      ;
; 0.758 ; pwm_generator:inst|clk_count[6]  ; pwm_generator:inst|clk_500Hz     ; frequency_scaling:inst4|clk_5MHz ; frequency_scaling:inst4|clk_5MHz ; 0.000        ; 0.427      ; 1.342      ;
; 0.761 ; pwm_generator:inst|clk_count[6]  ; pwm_generator:inst|clk_count[12] ; frequency_scaling:inst4|clk_5MHz ; frequency_scaling:inst4|clk_5MHz ; 0.000        ; 0.427      ; 1.345      ;
; 0.763 ; pwm_generator:inst|clk_count[11] ; pwm_generator:inst|clk_count[7]  ; frequency_scaling:inst4|clk_5MHz ; frequency_scaling:inst4|clk_5MHz ; 0.000        ; 0.427      ; 1.347      ;
; 0.765 ; pwm_generator:inst|clk_count[0]  ; pwm_generator:inst|clk_count[8]  ; frequency_scaling:inst4|clk_5MHz ; frequency_scaling:inst4|clk_5MHz ; 0.000        ; 0.427      ; 1.349      ;
; 0.767 ; pwm_generator:inst|clk_count[11] ; pwm_generator:inst|clk_count[12] ; frequency_scaling:inst4|clk_5MHz ; frequency_scaling:inst4|clk_5MHz ; 0.000        ; 0.427      ; 1.351      ;
; 0.768 ; pwm_generator:inst|clk_count[0]  ; pwm_generator:inst|clk_500Hz     ; frequency_scaling:inst4|clk_5MHz ; frequency_scaling:inst4|clk_5MHz ; 0.000        ; 0.427      ; 1.352      ;
; 0.813 ; pwm_generator:inst|pwm_count[10] ; pwm_generator:inst|pwm_signal    ; frequency_scaling:inst4|clk_5MHz ; frequency_scaling:inst4|clk_5MHz ; 0.000        ; 0.427      ; 1.397      ;
; 0.829 ; pwm_generator:inst|clk_count[6]  ; pwm_generator:inst|clk_count[13] ; frequency_scaling:inst4|clk_5MHz ; frequency_scaling:inst4|clk_5MHz ; 0.000        ; 0.427      ; 1.413      ;
; 0.840 ; pwm_generator:inst|clk_count[11] ; pwm_generator:inst|clk_count[9]  ; frequency_scaling:inst4|clk_5MHz ; frequency_scaling:inst4|clk_5MHz ; 0.000        ; 0.427      ; 1.424      ;
; 0.842 ; pwm_generator:inst|pwm_count[1]  ; pwm_generator:inst|pwm_count[2]  ; frequency_scaling:inst4|clk_5MHz ; frequency_scaling:inst4|clk_5MHz ; 0.000        ; 0.063      ; 1.062      ;
; 0.844 ; pwm_generator:inst|clk_count[5]  ; pwm_generator:inst|clk_count[6]  ; frequency_scaling:inst4|clk_5MHz ; frequency_scaling:inst4|clk_5MHz ; 0.000        ; 0.062      ; 1.063      ;
; 0.845 ; pwm_generator:inst|pwm_count[5]  ; pwm_generator:inst|pwm_count[6]  ; frequency_scaling:inst4|clk_5MHz ; frequency_scaling:inst4|clk_5MHz ; 0.000        ; 0.063      ; 1.065      ;
; 0.846 ; pwm_generator:inst|clk_count[9]  ; pwm_generator:inst|clk_count[9]  ; frequency_scaling:inst4|clk_5MHz ; frequency_scaling:inst4|clk_5MHz ; 0.000        ; 0.078      ; 1.081      ;
; 0.858 ; pwm_generator:inst|pwm_count[0]  ; pwm_generator:inst|pwm_count[1]  ; frequency_scaling:inst4|clk_5MHz ; frequency_scaling:inst4|clk_5MHz ; 0.000        ; 0.063      ; 1.078      ;
; 0.858 ; pwm_generator:inst|clk_count[11] ; pwm_generator:inst|clk_count[8]  ; frequency_scaling:inst4|clk_5MHz ; frequency_scaling:inst4|clk_5MHz ; 0.000        ; 0.427      ; 1.442      ;
; 0.859 ; pwm_generator:inst|clk_count[11] ; pwm_generator:inst|clk_500Hz     ; frequency_scaling:inst4|clk_5MHz ; frequency_scaling:inst4|clk_5MHz ; 0.000        ; 0.427      ; 1.443      ;
; 0.860 ; pwm_generator:inst|clk_count[4]  ; pwm_generator:inst|clk_count[5]  ; frequency_scaling:inst4|clk_5MHz ; frequency_scaling:inst4|clk_5MHz ; 0.000        ; 0.062      ; 1.079      ;
; 0.860 ; pwm_generator:inst|pwm_count[6]  ; pwm_generator:inst|pwm_count[7]  ; frequency_scaling:inst4|clk_5MHz ; frequency_scaling:inst4|clk_5MHz ; 0.000        ; 0.063      ; 1.080      ;
; 0.860 ; pwm_generator:inst|pwm_count[0]  ; pwm_generator:inst|pwm_count[2]  ; frequency_scaling:inst4|clk_5MHz ; frequency_scaling:inst4|clk_5MHz ; 0.000        ; 0.063      ; 1.080      ;
; 0.861 ; pwm_generator:inst|clk_count[10] ; pwm_generator:inst|clk_count[11] ; frequency_scaling:inst4|clk_5MHz ; frequency_scaling:inst4|clk_5MHz ; 0.000        ; 0.062      ; 1.080      ;
; 0.861 ; pwm_generator:inst|pwm_count[11] ; pwm_generator:inst|pwm_count[12] ; frequency_scaling:inst4|clk_5MHz ; frequency_scaling:inst4|clk_5MHz ; 0.000        ; 0.063      ; 1.081      ;
; 0.862 ; pwm_generator:inst|clk_count[4]  ; pwm_generator:inst|clk_count[6]  ; frequency_scaling:inst4|clk_5MHz ; frequency_scaling:inst4|clk_5MHz ; 0.000        ; 0.062      ; 1.081      ;
; 0.866 ; pwm_generator:inst|pwm_count[11] ; pwm_generator:inst|pwm_count[13] ; frequency_scaling:inst4|clk_5MHz ; frequency_scaling:inst4|clk_5MHz ; 0.000        ; 0.428      ; 1.451      ;
; 0.878 ; pwm_generator:inst|pwm_count[2]  ; pwm_generator:inst|pwm_count[3]  ; frequency_scaling:inst4|clk_5MHz ; frequency_scaling:inst4|clk_5MHz ; 0.000        ; 0.063      ; 1.098      ;
; 0.881 ; pwm_generator:inst|pwm_count[10] ; pwm_generator:inst|pwm_count[11] ; frequency_scaling:inst4|clk_5MHz ; frequency_scaling:inst4|clk_5MHz ; 0.000        ; 0.063      ; 1.101      ;
; 0.883 ; pwm_generator:inst|pwm_count[10] ; pwm_generator:inst|pwm_count[12] ; frequency_scaling:inst4|clk_5MHz ; frequency_scaling:inst4|clk_5MHz ; 0.000        ; 0.063      ; 1.103      ;
; 0.886 ; pwm_generator:inst|pwm_count[8]  ; pwm_generator:inst|pwm_count[8]  ; frequency_scaling:inst4|clk_5MHz ; frequency_scaling:inst4|clk_5MHz ; 0.000        ; 0.063      ; 1.106      ;
; 0.888 ; pwm_generator:inst|pwm_count[10] ; pwm_generator:inst|pwm_count[10] ; frequency_scaling:inst4|clk_5MHz ; frequency_scaling:inst4|clk_5MHz ; 0.000        ; 0.063      ; 1.108      ;
; 0.890 ; pwm_generator:inst|clk_count[0]  ; pwm_generator:inst|clk_count[9]  ; frequency_scaling:inst4|clk_5MHz ; frequency_scaling:inst4|clk_5MHz ; 0.000        ; 0.427      ; 1.474      ;
; 0.892 ; pwm_generator:inst|pwm_count[8]  ; pwm_generator:inst|pwm_signal    ; frequency_scaling:inst4|clk_5MHz ; frequency_scaling:inst4|clk_5MHz ; 0.000        ; 0.427      ; 1.476      ;
; 0.895 ; pwm_generator:inst|clk_count[6]  ; pwm_generator:inst|clk_count[9]  ; frequency_scaling:inst4|clk_5MHz ; frequency_scaling:inst4|clk_5MHz ; 0.000        ; 0.427      ; 1.479      ;
; 0.915 ; pwm_generator:inst|pwm_count[13] ; pwm_generator:inst|pwm_count[13] ; frequency_scaling:inst4|clk_5MHz ; frequency_scaling:inst4|clk_5MHz ; 0.000        ; 0.078      ; 1.150      ;
; 0.925 ; pwm_generator:inst|clk_count[5]  ; pwm_generator:inst|clk_count[13] ; frequency_scaling:inst4|clk_5MHz ; frequency_scaling:inst4|clk_5MHz ; 0.000        ; 0.427      ; 1.509      ;
; 0.926 ; pwm_generator:inst|pwm_count[12] ; pwm_generator:inst|pwm_count[13] ; frequency_scaling:inst4|clk_5MHz ; frequency_scaling:inst4|clk_5MHz ; 0.000        ; 0.428      ; 1.511      ;
; 0.933 ; pwm_generator:inst|pwm_count[6]  ; pwm_generator:inst|pwm_count[13] ; frequency_scaling:inst4|clk_5MHz ; frequency_scaling:inst4|clk_5MHz ; 0.000        ; 0.428      ; 1.518      ;
; 0.936 ; pwm_generator:inst|pwm_count[10] ; pwm_generator:inst|pwm_count[13] ; frequency_scaling:inst4|clk_5MHz ; frequency_scaling:inst4|clk_5MHz ; 0.000        ; 0.428      ; 1.521      ;
; 0.938 ; pwm_generator:inst|pwm_count[7]  ; pwm_generator:inst|pwm_signal    ; frequency_scaling:inst4|clk_5MHz ; frequency_scaling:inst4|clk_5MHz ; 0.000        ; 0.427      ; 1.522      ;
; 0.940 ; pwm_generator:inst|clk_count[10] ; pwm_generator:inst|clk_count[12] ; frequency_scaling:inst4|clk_5MHz ; frequency_scaling:inst4|clk_5MHz ; 0.000        ; 0.427      ; 1.524      ;
; 0.942 ; pwm_generator:inst|clk_count[5]  ; pwm_generator:inst|clk_count[8]  ; frequency_scaling:inst4|clk_5MHz ; frequency_scaling:inst4|clk_5MHz ; 0.000        ; 0.427      ; 1.526      ;
; 0.943 ; pwm_generator:inst|pwm_count[7]  ; pwm_generator:inst|pwm_count[13] ; frequency_scaling:inst4|clk_5MHz ; frequency_scaling:inst4|clk_5MHz ; 0.000        ; 0.428      ; 1.528      ;
; 0.943 ; pwm_generator:inst|clk_count[4]  ; pwm_generator:inst|clk_count[13] ; frequency_scaling:inst4|clk_5MHz ; frequency_scaling:inst4|clk_5MHz ; 0.000        ; 0.427      ; 1.527      ;
; 0.945 ; pwm_generator:inst|clk_count[5]  ; pwm_generator:inst|clk_500Hz     ; frequency_scaling:inst4|clk_5MHz ; frequency_scaling:inst4|clk_5MHz ; 0.000        ; 0.427      ; 1.529      ;
; 0.952 ; pwm_generator:inst|pwm_count[1]  ; pwm_generator:inst|pwm_count[3]  ; frequency_scaling:inst4|clk_5MHz ; frequency_scaling:inst4|clk_5MHz ; 0.000        ; 0.063      ; 1.172      ;
; 0.953 ; pwm_generator:inst|pwm_count[3]  ; pwm_generator:inst|pwm_count[5]  ; frequency_scaling:inst4|clk_5MHz ; frequency_scaling:inst4|clk_5MHz ; 0.000        ; 0.063      ; 1.173      ;
; 0.955 ; pwm_generator:inst|clk_count[2]  ; pwm_generator:inst|clk_count[4]  ; frequency_scaling:inst4|clk_5MHz ; frequency_scaling:inst4|clk_5MHz ; 0.000        ; 0.062      ; 1.174      ;
; 0.955 ; pwm_generator:inst|pwm_count[3]  ; pwm_generator:inst|pwm_count[6]  ; frequency_scaling:inst4|clk_5MHz ; frequency_scaling:inst4|clk_5MHz ; 0.000        ; 0.063      ; 1.175      ;
; 0.955 ; pwm_generator:inst|pwm_count[5]  ; pwm_generator:inst|pwm_count[7]  ; frequency_scaling:inst4|clk_5MHz ; frequency_scaling:inst4|clk_5MHz ; 0.000        ; 0.063      ; 1.175      ;
; 0.957 ; pwm_generator:inst|clk_count[2]  ; pwm_generator:inst|clk_count[5]  ; frequency_scaling:inst4|clk_5MHz ; frequency_scaling:inst4|clk_5MHz ; 0.000        ; 0.062      ; 1.176      ;
; 0.958 ; pwm_generator:inst|clk_count[9]  ; pwm_generator:inst|clk_count[13] ; frequency_scaling:inst4|clk_5MHz ; frequency_scaling:inst4|clk_5MHz ; 0.000        ; 0.078      ; 1.193      ;
; 0.962 ; pwm_generator:inst|pwm_count[4]  ; pwm_generator:inst|pwm_signal    ; frequency_scaling:inst4|clk_5MHz ; frequency_scaling:inst4|clk_5MHz ; 0.000        ; 0.428      ; 1.547      ;
; 0.964 ; pwm_generator:inst|clk_count[2]  ; pwm_generator:inst|clk_count[2]  ; frequency_scaling:inst4|clk_5MHz ; frequency_scaling:inst4|clk_5MHz ; 0.000        ; 0.062      ; 1.183      ;
; 0.970 ; pwm_generator:inst|pwm_count[0]  ; pwm_generator:inst|pwm_count[3]  ; frequency_scaling:inst4|clk_5MHz ; frequency_scaling:inst4|clk_5MHz ; 0.000        ; 0.063      ; 1.190      ;
; 0.972 ; pwm_generator:inst|clk_count[6]  ; pwm_generator:inst|clk_count[10] ; frequency_scaling:inst4|clk_5MHz ; frequency_scaling:inst4|clk_5MHz ; 0.000        ; 0.062      ; 1.191      ;
; 0.973 ; pwm_generator:inst|clk_count[12] ; pwm_generator:inst|clk_count[13] ; frequency_scaling:inst4|clk_5MHz ; frequency_scaling:inst4|clk_5MHz ; 0.000        ; 0.077      ; 1.207      ;
; 0.980 ; pwm_generator:inst|clk_count[0]  ; pwm_generator:inst|clk_count[7]  ; frequency_scaling:inst4|clk_5MHz ; frequency_scaling:inst4|clk_5MHz ; 0.000        ; 0.427      ; 1.564      ;
; 0.980 ; pwm_generator:inst|clk_count[0]  ; pwm_generator:inst|clk_count[12] ; frequency_scaling:inst4|clk_5MHz ; frequency_scaling:inst4|clk_5MHz ; 0.000        ; 0.427      ; 1.564      ;
; 0.990 ; pwm_generator:inst|pwm_count[2]  ; pwm_generator:inst|pwm_count[5]  ; frequency_scaling:inst4|clk_5MHz ; frequency_scaling:inst4|clk_5MHz ; 0.000        ; 0.063      ; 1.210      ;
; 0.991 ; pwm_generator:inst|clk_count[5]  ; pwm_generator:inst|clk_count[9]  ; frequency_scaling:inst4|clk_5MHz ; frequency_scaling:inst4|clk_5MHz ; 0.000        ; 0.427      ; 1.575      ;
; 0.992 ; pwm_generator:inst|pwm_count[8]  ; pwm_generator:inst|pwm_count[11] ; frequency_scaling:inst4|clk_5MHz ; frequency_scaling:inst4|clk_5MHz ; 0.000        ; 0.063      ; 1.212      ;
; 0.992 ; pwm_generator:inst|pwm_count[2]  ; pwm_generator:inst|pwm_count[6]  ; frequency_scaling:inst4|clk_5MHz ; frequency_scaling:inst4|clk_5MHz ; 0.000        ; 0.063      ; 1.212      ;
; 0.993 ; pwm_generator:inst|pwm_count[4]  ; pwm_generator:inst|pwm_count[5]  ; frequency_scaling:inst4|clk_5MHz ; frequency_scaling:inst4|clk_5MHz ; 0.000        ; 0.064      ; 1.214      ;
; 0.994 ; pwm_generator:inst|pwm_count[8]  ; pwm_generator:inst|pwm_count[12] ; frequency_scaling:inst4|clk_5MHz ; frequency_scaling:inst4|clk_5MHz ; 0.000        ; 0.063      ; 1.214      ;
; 0.995 ; pwm_generator:inst|pwm_count[4]  ; pwm_generator:inst|pwm_count[6]  ; frequency_scaling:inst4|clk_5MHz ; frequency_scaling:inst4|clk_5MHz ; 0.000        ; 0.064      ; 1.216      ;
; 1.009 ; pwm_generator:inst|clk_count[4]  ; pwm_generator:inst|clk_count[9]  ; frequency_scaling:inst4|clk_5MHz ; frequency_scaling:inst4|clk_5MHz ; 0.000        ; 0.427      ; 1.593      ;
; 1.014 ; pwm_generator:inst|clk_count[5]  ; pwm_generator:inst|clk_count[7]  ; frequency_scaling:inst4|clk_5MHz ; frequency_scaling:inst4|clk_5MHz ; 0.000        ; 0.427      ; 1.598      ;
; 1.016 ; pwm_generator:inst|clk_count[3]  ; pwm_generator:inst|clk_count[4]  ; frequency_scaling:inst4|clk_5MHz ; frequency_scaling:inst4|clk_5MHz ; 0.000        ; 0.062      ; 1.235      ;
; 1.018 ; pwm_generator:inst|pwm_count[9]  ; pwm_generator:inst|pwm_count[13] ; frequency_scaling:inst4|clk_5MHz ; frequency_scaling:inst4|clk_5MHz ; 0.000        ; 0.429      ; 1.604      ;
; 1.025 ; pwm_generator:inst|pwm_count[1]  ; pwm_generator:inst|pwm_count[4]  ; frequency_scaling:inst4|clk_5MHz ; frequency_scaling:inst4|clk_5MHz ; 0.000        ; 0.063      ; 1.245      ;
; 1.032 ; pwm_generator:inst|clk_count[4]  ; pwm_generator:inst|clk_count[7]  ; frequency_scaling:inst4|clk_5MHz ; frequency_scaling:inst4|clk_5MHz ; 0.000        ; 0.427      ; 1.616      ;
; 1.040 ; pwm_generator:inst|clk_count[2]  ; pwm_generator:inst|clk_count[13] ; frequency_scaling:inst4|clk_5MHz ; frequency_scaling:inst4|clk_5MHz ; 0.000        ; 0.427      ; 1.624      ;
; 1.041 ; pwm_generator:inst|pwm_count[5]  ; pwm_generator:inst|pwm_signal    ; frequency_scaling:inst4|clk_5MHz ; frequency_scaling:inst4|clk_5MHz ; 0.000        ; 0.427      ; 1.625      ;
; 1.057 ; pwm_generator:inst|clk_count[3]  ; pwm_generator:inst|clk_count[8]  ; frequency_scaling:inst4|clk_5MHz ; frequency_scaling:inst4|clk_5MHz ; 0.000        ; 0.427      ; 1.641      ;
; 1.060 ; pwm_generator:inst|clk_count[3]  ; pwm_generator:inst|clk_500Hz     ; frequency_scaling:inst4|clk_5MHz ; frequency_scaling:inst4|clk_5MHz ; 0.000        ; 0.427      ; 1.644      ;
; 1.063 ; pwm_generator:inst|clk_count[7]  ; pwm_generator:inst|clk_count[8]  ; frequency_scaling:inst4|clk_5MHz ; frequency_scaling:inst4|clk_5MHz ; 0.000        ; 0.077      ; 1.297      ;
; 1.064 ; pwm_generator:inst|clk_count[7]  ; pwm_generator:inst|clk_count[7]  ; frequency_scaling:inst4|clk_5MHz ; frequency_scaling:inst4|clk_5MHz ; 0.000        ; 0.077      ; 1.298      ;
+-------+----------------------------------+----------------------------------+----------------------------------+----------------------------------+--------------+------------+------------+


+-----------------------------------------------------------------------------------------------------------------------------------------------------------------------+
; Slow 1200mV 85C Model Hold: 'clk_50MHz'                                                                                                                               ;
+-------+----------------------------------+----------------------------------+----------------------------------+-------------+--------------+------------+------------+
; Slack ; From Node                        ; To Node                          ; Launch Clock                     ; Latch Clock ; Relationship ; Clock Skew ; Data Delay ;
+-------+----------------------------------+----------------------------------+----------------------------------+-------------+--------------+------------+------------+
; 0.358 ; frequency_scaling:inst4|count[1] ; frequency_scaling:inst4|count[1] ; clk_50MHz                        ; clk_50MHz   ; 0.000        ; 0.062      ; 0.577      ;
; 0.358 ; frequency_scaling:inst4|count[2] ; frequency_scaling:inst4|count[2] ; clk_50MHz                        ; clk_50MHz   ; 0.000        ; 0.062      ; 0.577      ;
; 0.361 ; frequency_scaling:inst4|count[0] ; frequency_scaling:inst4|count[0] ; clk_50MHz                        ; clk_50MHz   ; 0.000        ; 0.062      ; 0.580      ;
; 0.531 ; frequency_scaling:inst4|count[0] ; frequency_scaling:inst4|count[2] ; clk_50MHz                        ; clk_50MHz   ; 0.000        ; 0.062      ; 0.750      ;
; 0.534 ; frequency_scaling:inst4|count[0] ; frequency_scaling:inst4|count[1] ; clk_50MHz                        ; clk_50MHz   ; 0.000        ; 0.062      ; 0.753      ;
; 0.568 ; frequency_scaling:inst4|clk_5MHz ; frequency_scaling:inst4|clk_5MHz ; frequency_scaling:inst4|clk_5MHz ; clk_50MHz   ; 0.000        ; 2.218      ; 3.172      ;
; 0.569 ; frequency_scaling:inst4|count[1] ; frequency_scaling:inst4|count[2] ; clk_50MHz                        ; clk_50MHz   ; 0.000        ; 0.062      ; 0.788      ;
; 0.575 ; frequency_scaling:inst4|count[2] ; frequency_scaling:inst4|count[0] ; clk_50MHz                        ; clk_50MHz   ; 0.000        ; 0.062      ; 0.794      ;
; 0.581 ; frequency_scaling:inst4|count[1] ; frequency_scaling:inst4|count[0] ; clk_50MHz                        ; clk_50MHz   ; 0.000        ; 0.062      ; 0.800      ;
; 1.160 ; frequency_scaling:inst4|clk_5MHz ; frequency_scaling:inst4|clk_5MHz ; frequency_scaling:inst4|clk_5MHz ; clk_50MHz   ; -0.500       ; 2.218      ; 3.264      ;
; 1.219 ; frequency_scaling:inst4|count[1] ; frequency_scaling:inst4|clk_5MHz ; clk_50MHz                        ; clk_50MHz   ; 0.000        ; 0.062      ; 1.438      ;
; 1.313 ; frequency_scaling:inst4|count[2] ; frequency_scaling:inst4|clk_5MHz ; clk_50MHz                        ; clk_50MHz   ; 0.000        ; 0.062      ; 1.532      ;
; 1.453 ; frequency_scaling:inst4|count[0] ; frequency_scaling:inst4|clk_5MHz ; clk_50MHz                        ; clk_50MHz   ; 0.000        ; 0.062      ; 1.672      ;
+-------+----------------------------------+----------------------------------+----------------------------------+-------------+--------------+------------+------------+


-----------------------------------------------
; Slow 1200mV 85C Model Metastability Summary ;
-----------------------------------------------
No synchronizer chains to report.


+---------------------------------------------------------------------------------------------------------------------------------+
; Slow 1200mV 0C Model Fmax Summary                                                                                               ;
+------------+-----------------+----------------------------------+---------------------------------------------------------------+
; Fmax       ; Restricted Fmax ; Clock Name                       ; Note                                                          ;
+------------+-----------------+----------------------------------+---------------------------------------------------------------+
; 445.04 MHz ; 445.04 MHz      ; frequency_scaling:inst4|clk_5MHz ;                                                               ;
; 554.32 MHz ; 250.0 MHz       ; clk_50MHz                        ; limit due to minimum period restriction (max I/O toggle rate) ;
+------------+-----------------+----------------------------------+---------------------------------------------------------------+
This panel reports FMAX for every clock in the design, regardless of the user-specified clock periods.  FMAX is only computed for paths where the source and destination registers or ports are driven by the same clock.  Paths of different clocks, including generated clocks, are ignored.  For paths between a clock and its inversion, FMAX is computed as if the rising and falling edges are scaled along with FMAX, such that the duty cycle (in terms of a percentage) is maintained. Altera recommends that you always use clock constraints and other slack reports for sign-off analysis.


+-----------------------------------------------------------+
; Slow 1200mV 0C Model Setup Summary                        ;
+----------------------------------+--------+---------------+
; Clock                            ; Slack  ; End Point TNS ;
+----------------------------------+--------+---------------+
; frequency_scaling:inst4|clk_5MHz ; -1.247 ; -24.502       ;
; clk_50MHz                        ; -0.804 ; -0.804        ;
+----------------------------------+--------+---------------+


+----------------------------------------------------------+
; Slow 1200mV 0C Model Hold Summary                        ;
+----------------------------------+-------+---------------+
; Clock                            ; Slack ; End Point TNS ;
+----------------------------------+-------+---------------+
; frequency_scaling:inst4|clk_5MHz ; 0.299 ; 0.000         ;
; clk_50MHz                        ; 0.312 ; 0.000         ;
+----------------------------------+-------+---------------+


-----------------------------------------
; Slow 1200mV 0C Model Recovery Summary ;
-----------------------------------------
No paths to report.


----------------------------------------
; Slow 1200mV 0C Model Removal Summary ;
----------------------------------------
No paths to report.


+-----------------------------------------------------------+
; Slow 1200mV 0C Model Minimum Pulse Width Summary          ;
+----------------------------------+--------+---------------+
; Clock                            ; Slack  ; End Point TNS ;
+----------------------------------+--------+---------------+
; clk_50MHz                        ; -3.000 ; -7.000        ;
; frequency_scaling:inst4|clk_5MHz ; -1.000 ; -30.000       ;
+----------------------------------+--------+---------------+


+---------------------------------------------------------------------------------------------------------------------------------------------------------------------------------------------+
; Slow 1200mV 0C Model Setup: 'frequency_scaling:inst4|clk_5MHz'                                                                                                                              ;
+--------+----------------------------------+----------------------------------+----------------------------------+----------------------------------+--------------+------------+------------+
; Slack  ; From Node                        ; To Node                          ; Launch Clock                     ; Latch Clock                      ; Relationship ; Clock Skew ; Data Delay ;
+--------+----------------------------------+----------------------------------+----------------------------------+----------------------------------+--------------+------------+------------+
; -1.247 ; pwm_generator:inst|clk_count[1]  ; pwm_generator:inst|clk_count[12] ; frequency_scaling:inst4|clk_5MHz ; frequency_scaling:inst4|clk_5MHz ; 1.000        ; -0.068     ; 2.174      ;
; -1.177 ; pwm_generator:inst|clk_count[1]  ; pwm_generator:inst|clk_count[3]  ; frequency_scaling:inst4|clk_5MHz ; frequency_scaling:inst4|clk_5MHz ; 1.000        ; -0.381     ; 1.791      ;
; -1.145 ; pwm_generator:inst|pwm_count[0]  ; pwm_generator:inst|pwm_count[9]  ; frequency_scaling:inst4|clk_5MHz ; frequency_scaling:inst4|clk_5MHz ; 1.000        ; -0.056     ; 2.084      ;
; -1.133 ; pwm_generator:inst|clk_count[1]  ; pwm_generator:inst|clk_count[8]  ; frequency_scaling:inst4|clk_5MHz ; frequency_scaling:inst4|clk_5MHz ; 1.000        ; -0.068     ; 2.060      ;
; -1.125 ; pwm_generator:inst|clk_count[7]  ; pwm_generator:inst|clk_count[12] ; frequency_scaling:inst4|clk_5MHz ; frequency_scaling:inst4|clk_5MHz ; 1.000        ; -0.068     ; 2.052      ;
; -1.098 ; pwm_generator:inst|pwm_count[1]  ; pwm_generator:inst|pwm_count[9]  ; frequency_scaling:inst4|clk_5MHz ; frequency_scaling:inst4|clk_5MHz ; 1.000        ; -0.056     ; 2.037      ;
; -1.084 ; pwm_generator:inst|pwm_count[1]  ; pwm_generator:inst|pwm_count[10] ; frequency_scaling:inst4|clk_5MHz ; frequency_scaling:inst4|clk_5MHz ; 1.000        ; -0.055     ; 2.024      ;
; -1.083 ; pwm_generator:inst|pwm_count[4]  ; pwm_generator:inst|pwm_count[9]  ; frequency_scaling:inst4|clk_5MHz ; frequency_scaling:inst4|clk_5MHz ; 1.000        ; -0.055     ; 2.023      ;
; -1.065 ; pwm_generator:inst|clk_count[1]  ; pwm_generator:inst|clk_count[11] ; frequency_scaling:inst4|clk_5MHz ; frequency_scaling:inst4|clk_5MHz ; 1.000        ; -0.382     ; 1.678      ;
; -1.064 ; pwm_generator:inst|pwm_count[2]  ; pwm_generator:inst|pwm_count[9]  ; frequency_scaling:inst4|clk_5MHz ; frequency_scaling:inst4|clk_5MHz ; 1.000        ; -0.056     ; 2.003      ;
; -1.062 ; pwm_generator:inst|clk_count[8]  ; pwm_generator:inst|clk_count[12] ; frequency_scaling:inst4|clk_5MHz ; frequency_scaling:inst4|clk_5MHz ; 1.000        ; -0.068     ; 1.989      ;
; -1.054 ; pwm_generator:inst|clk_count[3]  ; pwm_generator:inst|clk_count[12] ; frequency_scaling:inst4|clk_5MHz ; frequency_scaling:inst4|clk_5MHz ; 1.000        ; 0.259      ; 2.308      ;
; -1.048 ; pwm_generator:inst|pwm_count[1]  ; pwm_generator:inst|pwm_count[4]  ; frequency_scaling:inst4|clk_5MHz ; frequency_scaling:inst4|clk_5MHz ; 1.000        ; -0.056     ; 1.987      ;
; -1.041 ; pwm_generator:inst|clk_count[0]  ; pwm_generator:inst|clk_count[1]  ; frequency_scaling:inst4|clk_5MHz ; frequency_scaling:inst4|clk_5MHz ; 1.000        ; 0.259      ; 2.295      ;
; -1.035 ; pwm_generator:inst|clk_count[1]  ; pwm_generator:inst|clk_count[10] ; frequency_scaling:inst4|clk_5MHz ; frequency_scaling:inst4|clk_5MHz ; 1.000        ; -0.382     ; 1.648      ;
; -1.019 ; pwm_generator:inst|pwm_count[5]  ; pwm_generator:inst|pwm_count[10] ; frequency_scaling:inst4|clk_5MHz ; frequency_scaling:inst4|clk_5MHz ; 1.000        ; -0.055     ; 1.959      ;
; -1.018 ; pwm_generator:inst|pwm_count[5]  ; pwm_generator:inst|pwm_count[8]  ; frequency_scaling:inst4|clk_5MHz ; frequency_scaling:inst4|clk_5MHz ; 1.000        ; -0.055     ; 1.958      ;
; -1.018 ; pwm_generator:inst|clk_count[0]  ; pwm_generator:inst|clk_count[3]  ; frequency_scaling:inst4|clk_5MHz ; frequency_scaling:inst4|clk_5MHz ; 1.000        ; -0.054     ; 1.959      ;
; -1.018 ; pwm_generator:inst|pwm_count[0]  ; pwm_generator:inst|pwm_count[10] ; frequency_scaling:inst4|clk_5MHz ; frequency_scaling:inst4|clk_5MHz ; 1.000        ; -0.055     ; 1.958      ;
; -1.011 ; pwm_generator:inst|clk_count[7]  ; pwm_generator:inst|clk_count[8]  ; frequency_scaling:inst4|clk_5MHz ; frequency_scaling:inst4|clk_5MHz ; 1.000        ; -0.068     ; 1.938      ;
; -1.010 ; pwm_generator:inst|clk_count[1]  ; pwm_generator:inst|clk_count[2]  ; frequency_scaling:inst4|clk_5MHz ; frequency_scaling:inst4|clk_5MHz ; 1.000        ; -0.382     ; 1.623      ;
; -1.005 ; pwm_generator:inst|pwm_count[2]  ; pwm_generator:inst|pwm_count[10] ; frequency_scaling:inst4|clk_5MHz ; frequency_scaling:inst4|clk_5MHz ; 1.000        ; -0.055     ; 1.945      ;
; -1.004 ; pwm_generator:inst|pwm_count[2]  ; pwm_generator:inst|pwm_count[8]  ; frequency_scaling:inst4|clk_5MHz ; frequency_scaling:inst4|clk_5MHz ; 1.000        ; -0.055     ; 1.944      ;
; -1.001 ; pwm_generator:inst|pwm_count[3]  ; pwm_generator:inst|pwm_count[9]  ; frequency_scaling:inst4|clk_5MHz ; frequency_scaling:inst4|clk_5MHz ; 1.000        ; -0.056     ; 1.940      ;
; -0.996 ; pwm_generator:inst|pwm_count[0]  ; pwm_generator:inst|pwm_count[13] ; frequency_scaling:inst4|clk_5MHz ; frequency_scaling:inst4|clk_5MHz ; 1.000        ; 0.259      ; 2.250      ;
; -0.996 ; pwm_generator:inst|clk_count[0]  ; pwm_generator:inst|clk_count[12] ; frequency_scaling:inst4|clk_5MHz ; frequency_scaling:inst4|clk_5MHz ; 1.000        ; 0.259      ; 2.250      ;
; -0.987 ; pwm_generator:inst|pwm_count[3]  ; pwm_generator:inst|pwm_count[10] ; frequency_scaling:inst4|clk_5MHz ; frequency_scaling:inst4|clk_5MHz ; 1.000        ; -0.055     ; 1.927      ;
; -0.983 ; pwm_generator:inst|pwm_count[1]  ; pwm_generator:inst|pwm_count[8]  ; frequency_scaling:inst4|clk_5MHz ; frequency_scaling:inst4|clk_5MHz ; 1.000        ; -0.055     ; 1.923      ;
; -0.982 ; pwm_generator:inst|pwm_count[0]  ; pwm_generator:inst|pwm_count[4]  ; frequency_scaling:inst4|clk_5MHz ; frequency_scaling:inst4|clk_5MHz ; 1.000        ; -0.056     ; 1.921      ;
; -0.972 ; pwm_generator:inst|clk_count[8]  ; pwm_generator:inst|clk_count[11] ; frequency_scaling:inst4|clk_5MHz ; frequency_scaling:inst4|clk_5MHz ; 1.000        ; -0.382     ; 1.585      ;
; -0.966 ; pwm_generator:inst|clk_count[1]  ; pwm_generator:inst|clk_count[7]  ; frequency_scaling:inst4|clk_5MHz ; frequency_scaling:inst4|clk_5MHz ; 1.000        ; -0.068     ; 1.893      ;
; -0.957 ; pwm_generator:inst|pwm_count[1]  ; pwm_generator:inst|pwm_count[13] ; frequency_scaling:inst4|clk_5MHz ; frequency_scaling:inst4|clk_5MHz ; 1.000        ; 0.259      ; 2.211      ;
; -0.951 ; pwm_generator:inst|pwm_count[3]  ; pwm_generator:inst|pwm_count[4]  ; frequency_scaling:inst4|clk_5MHz ; frequency_scaling:inst4|clk_5MHz ; 1.000        ; -0.056     ; 1.890      ;
; -0.940 ; pwm_generator:inst|clk_count[3]  ; pwm_generator:inst|clk_count[8]  ; frequency_scaling:inst4|clk_5MHz ; frequency_scaling:inst4|clk_5MHz ; 1.000        ; 0.259      ; 2.194      ;
; -0.939 ; pwm_generator:inst|clk_count[9]  ; pwm_generator:inst|clk_count[3]  ; frequency_scaling:inst4|clk_5MHz ; frequency_scaling:inst4|clk_5MHz ; 1.000        ; -0.381     ; 1.553      ;
; -0.937 ; pwm_generator:inst|pwm_count[9]  ; pwm_generator:inst|pwm_count[10] ; frequency_scaling:inst4|clk_5MHz ; frequency_scaling:inst4|clk_5MHz ; 1.000        ; -0.054     ; 1.878      ;
; -0.937 ; pwm_generator:inst|pwm_count[9]  ; pwm_generator:inst|pwm_count[8]  ; frequency_scaling:inst4|clk_5MHz ; frequency_scaling:inst4|clk_5MHz ; 1.000        ; -0.054     ; 1.878      ;
; -0.934 ; pwm_generator:inst|pwm_count[4]  ; pwm_generator:inst|pwm_count[13] ; frequency_scaling:inst4|clk_5MHz ; frequency_scaling:inst4|clk_5MHz ; 1.000        ; 0.260      ; 2.189      ;
; -0.928 ; pwm_generator:inst|pwm_count[12] ; pwm_generator:inst|pwm_count[9]  ; frequency_scaling:inst4|clk_5MHz ; frequency_scaling:inst4|clk_5MHz ; 1.000        ; -0.056     ; 1.867      ;
; -0.928 ; pwm_generator:inst|pwm_count[12] ; pwm_generator:inst|pwm_count[4]  ; frequency_scaling:inst4|clk_5MHz ; frequency_scaling:inst4|clk_5MHz ; 1.000        ; -0.056     ; 1.867      ;
; -0.927 ; pwm_generator:inst|clk_count[1]  ; pwm_generator:inst|clk_count[9]  ; frequency_scaling:inst4|clk_5MHz ; frequency_scaling:inst4|clk_5MHz ; 1.000        ; -0.068     ; 1.854      ;
; -0.927 ; pwm_generator:inst|pwm_count[4]  ; pwm_generator:inst|pwm_count[10] ; frequency_scaling:inst4|clk_5MHz ; frequency_scaling:inst4|clk_5MHz ; 1.000        ; -0.054     ; 1.868      ;
; -0.925 ; pwm_generator:inst|pwm_count[9]  ; pwm_generator:inst|pwm_count[4]  ; frequency_scaling:inst4|clk_5MHz ; frequency_scaling:inst4|clk_5MHz ; 1.000        ; -0.055     ; 1.865      ;
; -0.919 ; pwm_generator:inst|clk_count[2]  ; pwm_generator:inst|clk_count[3]  ; frequency_scaling:inst4|clk_5MHz ; frequency_scaling:inst4|clk_5MHz ; 1.000        ; -0.054     ; 1.860      ;
; -0.917 ; pwm_generator:inst|pwm_count[0]  ; pwm_generator:inst|pwm_count[8]  ; frequency_scaling:inst4|clk_5MHz ; frequency_scaling:inst4|clk_5MHz ; 1.000        ; -0.055     ; 1.857      ;
; -0.916 ; pwm_generator:inst|clk_count[12] ; pwm_generator:inst|clk_count[3]  ; frequency_scaling:inst4|clk_5MHz ; frequency_scaling:inst4|clk_5MHz ; 1.000        ; -0.381     ; 1.530      ;
; -0.915 ; pwm_generator:inst|pwm_count[2]  ; pwm_generator:inst|pwm_count[13] ; frequency_scaling:inst4|clk_5MHz ; frequency_scaling:inst4|clk_5MHz ; 1.000        ; 0.259      ; 2.169      ;
; -0.913 ; pwm_generator:inst|clk_count[7]  ; pwm_generator:inst|clk_count[10] ; frequency_scaling:inst4|clk_5MHz ; frequency_scaling:inst4|clk_5MHz ; 1.000        ; -0.382     ; 1.526      ;
; -0.910 ; pwm_generator:inst|clk_count[7]  ; pwm_generator:inst|clk_count[11] ; frequency_scaling:inst4|clk_5MHz ; frequency_scaling:inst4|clk_5MHz ; 1.000        ; -0.382     ; 1.523      ;
; -0.907 ; pwm_generator:inst|pwm_count[12] ; pwm_generator:inst|pwm_count[10] ; frequency_scaling:inst4|clk_5MHz ; frequency_scaling:inst4|clk_5MHz ; 1.000        ; -0.055     ; 1.847      ;
; -0.907 ; pwm_generator:inst|pwm_count[12] ; pwm_generator:inst|pwm_count[8]  ; frequency_scaling:inst4|clk_5MHz ; frequency_scaling:inst4|clk_5MHz ; 1.000        ; -0.055     ; 1.847      ;
; -0.906 ; pwm_generator:inst|clk_count[0]  ; pwm_generator:inst|clk_count[11] ; frequency_scaling:inst4|clk_5MHz ; frequency_scaling:inst4|clk_5MHz ; 1.000        ; -0.055     ; 1.846      ;
; -0.904 ; pwm_generator:inst|pwm_count[5]  ; pwm_generator:inst|pwm_count[9]  ; frequency_scaling:inst4|clk_5MHz ; frequency_scaling:inst4|clk_5MHz ; 1.000        ; -0.056     ; 1.843      ;
; -0.903 ; pwm_generator:inst|pwm_count[1]  ; pwm_generator:inst|pwm_count[12] ; frequency_scaling:inst4|clk_5MHz ; frequency_scaling:inst4|clk_5MHz ; 1.000        ; -0.055     ; 1.843      ;
; -0.901 ; pwm_generator:inst|pwm_count[2]  ; pwm_generator:inst|pwm_count[4]  ; frequency_scaling:inst4|clk_5MHz ; frequency_scaling:inst4|clk_5MHz ; 1.000        ; -0.056     ; 1.840      ;
; -0.897 ; pwm_generator:inst|clk_count[2]  ; pwm_generator:inst|clk_count[12] ; frequency_scaling:inst4|clk_5MHz ; frequency_scaling:inst4|clk_5MHz ; 1.000        ; 0.259      ; 2.151      ;
; -0.897 ; pwm_generator:inst|clk_count[13] ; pwm_generator:inst|clk_count[3]  ; frequency_scaling:inst4|clk_5MHz ; frequency_scaling:inst4|clk_5MHz ; 1.000        ; -0.381     ; 1.511      ;
; -0.889 ; pwm_generator:inst|pwm_count[4]  ; pwm_generator:inst|pwm_count[8]  ; frequency_scaling:inst4|clk_5MHz ; frequency_scaling:inst4|clk_5MHz ; 1.000        ; -0.054     ; 1.830      ;
; -0.889 ; pwm_generator:inst|pwm_count[3]  ; pwm_generator:inst|pwm_count[8]  ; frequency_scaling:inst4|clk_5MHz ; frequency_scaling:inst4|clk_5MHz ; 1.000        ; -0.055     ; 1.829      ;
; -0.886 ; pwm_generator:inst|clk_count[1]  ; pwm_generator:inst|clk_count[1]  ; frequency_scaling:inst4|clk_5MHz ; frequency_scaling:inst4|clk_5MHz ; 1.000        ; -0.068     ; 1.813      ;
; -0.870 ; pwm_generator:inst|pwm_count[10] ; pwm_generator:inst|pwm_count[9]  ; frequency_scaling:inst4|clk_5MHz ; frequency_scaling:inst4|clk_5MHz ; 1.000        ; -0.056     ; 1.809      ;
; -0.870 ; pwm_generator:inst|pwm_count[10] ; pwm_generator:inst|pwm_count[4]  ; frequency_scaling:inst4|clk_5MHz ; frequency_scaling:inst4|clk_5MHz ; 1.000        ; -0.056     ; 1.809      ;
; -0.866 ; pwm_generator:inst|clk_count[0]  ; pwm_generator:inst|clk_count[8]  ; frequency_scaling:inst4|clk_5MHz ; frequency_scaling:inst4|clk_5MHz ; 1.000        ; 0.259      ; 2.120      ;
; -0.864 ; pwm_generator:inst|pwm_count[7]  ; pwm_generator:inst|pwm_count[10] ; frequency_scaling:inst4|clk_5MHz ; frequency_scaling:inst4|clk_5MHz ; 1.000        ; -0.055     ; 1.804      ;
; -0.863 ; pwm_generator:inst|pwm_count[7]  ; pwm_generator:inst|pwm_count[8]  ; frequency_scaling:inst4|clk_5MHz ; frequency_scaling:inst4|clk_5MHz ; 1.000        ; -0.055     ; 1.803      ;
; -0.862 ; pwm_generator:inst|pwm_count[6]  ; pwm_generator:inst|pwm_count[10] ; frequency_scaling:inst4|clk_5MHz ; frequency_scaling:inst4|clk_5MHz ; 1.000        ; -0.055     ; 1.802      ;
; -0.861 ; pwm_generator:inst|pwm_count[6]  ; pwm_generator:inst|pwm_count[8]  ; frequency_scaling:inst4|clk_5MHz ; frequency_scaling:inst4|clk_5MHz ; 1.000        ; -0.055     ; 1.801      ;
; -0.860 ; pwm_generator:inst|pwm_count[3]  ; pwm_generator:inst|pwm_count[13] ; frequency_scaling:inst4|clk_5MHz ; frequency_scaling:inst4|clk_5MHz ; 1.000        ; 0.259      ; 2.114      ;
; -0.857 ; pwm_generator:inst|pwm_count[7]  ; pwm_generator:inst|pwm_count[4]  ; frequency_scaling:inst4|clk_5MHz ; frequency_scaling:inst4|clk_5MHz ; 1.000        ; -0.056     ; 1.796      ;
; -0.855 ; pwm_generator:inst|pwm_count[6]  ; pwm_generator:inst|pwm_count[4]  ; frequency_scaling:inst4|clk_5MHz ; frequency_scaling:inst4|clk_5MHz ; 1.000        ; -0.056     ; 1.794      ;
; -0.854 ; pwm_generator:inst|clk_count[8]  ; pwm_generator:inst|clk_count[10] ; frequency_scaling:inst4|clk_5MHz ; frequency_scaling:inst4|clk_5MHz ; 1.000        ; -0.382     ; 1.467      ;
; -0.851 ; pwm_generator:inst|clk_count[1]  ; pwm_generator:inst|clk_count[13] ; frequency_scaling:inst4|clk_5MHz ; frequency_scaling:inst4|clk_5MHz ; 1.000        ; -0.068     ; 1.778      ;
; -0.849 ; pwm_generator:inst|pwm_count[10] ; pwm_generator:inst|pwm_count[10] ; frequency_scaling:inst4|clk_5MHz ; frequency_scaling:inst4|clk_5MHz ; 1.000        ; -0.055     ; 1.789      ;
; -0.849 ; pwm_generator:inst|pwm_count[10] ; pwm_generator:inst|pwm_count[8]  ; frequency_scaling:inst4|clk_5MHz ; frequency_scaling:inst4|clk_5MHz ; 1.000        ; -0.055     ; 1.789      ;
; -0.848 ; pwm_generator:inst|pwm_count[13] ; pwm_generator:inst|pwm_count[9]  ; frequency_scaling:inst4|clk_5MHz ; frequency_scaling:inst4|clk_5MHz ; 1.000        ; -0.383     ; 1.460      ;
; -0.848 ; pwm_generator:inst|pwm_count[13] ; pwm_generator:inst|pwm_count[4]  ; frequency_scaling:inst4|clk_5MHz ; frequency_scaling:inst4|clk_5MHz ; 1.000        ; -0.383     ; 1.460      ;
; -0.847 ; pwm_generator:inst|clk_count[9]  ; pwm_generator:inst|clk_count[12] ; frequency_scaling:inst4|clk_5MHz ; frequency_scaling:inst4|clk_5MHz ; 1.000        ; -0.068     ; 1.774      ;
; -0.847 ; pwm_generator:inst|pwm_count[6]  ; pwm_generator:inst|pwm_count[9]  ; frequency_scaling:inst4|clk_5MHz ; frequency_scaling:inst4|clk_5MHz ; 1.000        ; -0.056     ; 1.786      ;
; -0.842 ; pwm_generator:inst|clk_count[3]  ; pwm_generator:inst|clk_count[10] ; frequency_scaling:inst4|clk_5MHz ; frequency_scaling:inst4|clk_5MHz ; 1.000        ; -0.055     ; 1.782      ;
; -0.842 ; pwm_generator:inst|clk_count[9]  ; pwm_generator:inst|clk_count[9]  ; frequency_scaling:inst4|clk_5MHz ; frequency_scaling:inst4|clk_5MHz ; 1.000        ; -0.068     ; 1.769      ;
; -0.837 ; pwm_generator:inst|pwm_count[0]  ; pwm_generator:inst|pwm_count[12] ; frequency_scaling:inst4|clk_5MHz ; frequency_scaling:inst4|clk_5MHz ; 1.000        ; -0.055     ; 1.777      ;
; -0.835 ; pwm_generator:inst|clk_count[1]  ; pwm_generator:inst|clk_count[6]  ; frequency_scaling:inst4|clk_5MHz ; frequency_scaling:inst4|clk_5MHz ; 1.000        ; -0.382     ; 1.448      ;
; -0.834 ; pwm_generator:inst|clk_count[8]  ; pwm_generator:inst|clk_count[9]  ; frequency_scaling:inst4|clk_5MHz ; frequency_scaling:inst4|clk_5MHz ; 1.000        ; -0.068     ; 1.761      ;
; -0.833 ; pwm_generator:inst|pwm_count[13] ; pwm_generator:inst|pwm_count[10] ; frequency_scaling:inst4|clk_5MHz ; frequency_scaling:inst4|clk_5MHz ; 1.000        ; -0.382     ; 1.446      ;
; -0.833 ; pwm_generator:inst|pwm_count[13] ; pwm_generator:inst|pwm_count[8]  ; frequency_scaling:inst4|clk_5MHz ; frequency_scaling:inst4|clk_5MHz ; 1.000        ; -0.382     ; 1.446      ;
; -0.824 ; pwm_generator:inst|clk_count[3]  ; pwm_generator:inst|clk_count[11] ; frequency_scaling:inst4|clk_5MHz ; frequency_scaling:inst4|clk_5MHz ; 1.000        ; -0.055     ; 1.764      ;
; -0.823 ; pwm_generator:inst|pwm_count[7]  ; pwm_generator:inst|pwm_count[9]  ; frequency_scaling:inst4|clk_5MHz ; frequency_scaling:inst4|clk_5MHz ; 1.000        ; -0.056     ; 1.762      ;
; -0.822 ; pwm_generator:inst|clk_count[10] ; pwm_generator:inst|clk_count[3]  ; frequency_scaling:inst4|clk_5MHz ; frequency_scaling:inst4|clk_5MHz ; 1.000        ; -0.054     ; 1.763      ;
; -0.818 ; pwm_generator:inst|clk_count[5]  ; pwm_generator:inst|clk_count[12] ; frequency_scaling:inst4|clk_5MHz ; frequency_scaling:inst4|clk_5MHz ; 1.000        ; 0.259      ; 2.072      ;
; -0.809 ; pwm_generator:inst|pwm_count[9]  ; pwm_generator:inst|pwm_count[9]  ; frequency_scaling:inst4|clk_5MHz ; frequency_scaling:inst4|clk_5MHz ; 1.000        ; -0.055     ; 1.749      ;
; -0.807 ; pwm_generator:inst|pwm_count[0]  ; pwm_generator:inst|pwm_count[11] ; frequency_scaling:inst4|clk_5MHz ; frequency_scaling:inst4|clk_5MHz ; 1.000        ; -0.055     ; 1.747      ;
; -0.807 ; pwm_generator:inst|clk_count[2]  ; pwm_generator:inst|clk_count[11] ; frequency_scaling:inst4|clk_5MHz ; frequency_scaling:inst4|clk_5MHz ; 1.000        ; -0.055     ; 1.747      ;
; -0.807 ; pwm_generator:inst|clk_count[0]  ; pwm_generator:inst|clk_count[7]  ; frequency_scaling:inst4|clk_5MHz ; frequency_scaling:inst4|clk_5MHz ; 1.000        ; 0.259      ; 2.061      ;
; -0.806 ; pwm_generator:inst|pwm_count[3]  ; pwm_generator:inst|pwm_count[12] ; frequency_scaling:inst4|clk_5MHz ; frequency_scaling:inst4|clk_5MHz ; 1.000        ; -0.055     ; 1.746      ;
; -0.804 ; pwm_generator:inst|pwm_count[11] ; pwm_generator:inst|pwm_count[9]  ; frequency_scaling:inst4|clk_5MHz ; frequency_scaling:inst4|clk_5MHz ; 1.000        ; -0.056     ; 1.743      ;
; -0.804 ; pwm_generator:inst|pwm_count[11] ; pwm_generator:inst|pwm_count[4]  ; frequency_scaling:inst4|clk_5MHz ; frequency_scaling:inst4|clk_5MHz ; 1.000        ; -0.056     ; 1.743      ;
; -0.790 ; pwm_generator:inst|clk_count[8]  ; pwm_generator:inst|clk_count[3]  ; frequency_scaling:inst4|clk_5MHz ; frequency_scaling:inst4|clk_5MHz ; 1.000        ; -0.381     ; 1.404      ;
; -0.788 ; pwm_generator:inst|clk_count[0]  ; pwm_generator:inst|clk_count[10] ; frequency_scaling:inst4|clk_5MHz ; frequency_scaling:inst4|clk_5MHz ; 1.000        ; -0.055     ; 1.728      ;
; -0.785 ; pwm_generator:inst|pwm_count[1]  ; pwm_generator:inst|pwm_count[11] ; frequency_scaling:inst4|clk_5MHz ; frequency_scaling:inst4|clk_5MHz ; 1.000        ; -0.055     ; 1.725      ;
; -0.783 ; pwm_generator:inst|pwm_count[11] ; pwm_generator:inst|pwm_count[10] ; frequency_scaling:inst4|clk_5MHz ; frequency_scaling:inst4|clk_5MHz ; 1.000        ; -0.055     ; 1.723      ;
+--------+----------------------------------+----------------------------------+----------------------------------+----------------------------------+--------------+------------+------------+


+------------------------------------------------------------------------------------------------------------------------------------------------------------------------+
; Slow 1200mV 0C Model Setup: 'clk_50MHz'                                                                                                                                ;
+--------+----------------------------------+----------------------------------+----------------------------------+-------------+--------------+------------+------------+
; Slack  ; From Node                        ; To Node                          ; Launch Clock                     ; Latch Clock ; Relationship ; Clock Skew ; Data Delay ;
+--------+----------------------------------+----------------------------------+----------------------------------+-------------+--------------+------------+------------+
; -0.804 ; frequency_scaling:inst4|count[0] ; frequency_scaling:inst4|clk_5MHz ; clk_50MHz                        ; clk_50MHz   ; 1.000        ; -0.055     ; 1.744      ;
; -0.657 ; frequency_scaling:inst4|count[2] ; frequency_scaling:inst4|clk_5MHz ; clk_50MHz                        ; clk_50MHz   ; 1.000        ; -0.055     ; 1.597      ;
; -0.610 ; frequency_scaling:inst4|clk_5MHz ; frequency_scaling:inst4|clk_5MHz ; frequency_scaling:inst4|clk_5MHz ; clk_50MHz   ; 0.500        ; 1.932      ; 3.207      ;
; -0.560 ; frequency_scaling:inst4|count[1] ; frequency_scaling:inst4|clk_5MHz ; clk_50MHz                        ; clk_50MHz   ; 1.000        ; -0.055     ; 1.500      ;
; -0.073 ; frequency_scaling:inst4|clk_5MHz ; frequency_scaling:inst4|clk_5MHz ; frequency_scaling:inst4|clk_5MHz ; clk_50MHz   ; 1.000        ; 1.932      ; 3.170      ;
; 0.047  ; frequency_scaling:inst4|count[1] ; frequency_scaling:inst4|count[2] ; clk_50MHz                        ; clk_50MHz   ; 1.000        ; -0.055     ; 0.893      ;
; 0.064  ; frequency_scaling:inst4|count[1] ; frequency_scaling:inst4|count[0] ; clk_50MHz                        ; clk_50MHz   ; 1.000        ; -0.055     ; 0.876      ;
; 0.069  ; frequency_scaling:inst4|count[2] ; frequency_scaling:inst4|count[0] ; clk_50MHz                        ; clk_50MHz   ; 1.000        ; -0.055     ; 0.871      ;
; 0.179  ; frequency_scaling:inst4|count[0] ; frequency_scaling:inst4|count[1] ; clk_50MHz                        ; clk_50MHz   ; 1.000        ; -0.055     ; 0.761      ;
; 0.181  ; frequency_scaling:inst4|count[0] ; frequency_scaling:inst4|count[2] ; clk_50MHz                        ; clk_50MHz   ; 1.000        ; -0.055     ; 0.759      ;
; 0.357  ; frequency_scaling:inst4|count[0] ; frequency_scaling:inst4|count[0] ; clk_50MHz                        ; clk_50MHz   ; 1.000        ; -0.055     ; 0.583      ;
; 0.357  ; frequency_scaling:inst4|count[2] ; frequency_scaling:inst4|count[2] ; clk_50MHz                        ; clk_50MHz   ; 1.000        ; -0.055     ; 0.583      ;
; 0.357  ; frequency_scaling:inst4|count[1] ; frequency_scaling:inst4|count[1] ; clk_50MHz                        ; clk_50MHz   ; 1.000        ; -0.055     ; 0.583      ;
+--------+----------------------------------+----------------------------------+----------------------------------+-------------+--------------+------------+------------+


+--------------------------------------------------------------------------------------------------------------------------------------------------------------------------------------------+
; Slow 1200mV 0C Model Hold: 'frequency_scaling:inst4|clk_5MHz'                                                                                                                              ;
+-------+----------------------------------+----------------------------------+----------------------------------+----------------------------------+--------------+------------+------------+
; Slack ; From Node                        ; To Node                          ; Launch Clock                     ; Latch Clock                      ; Relationship ; Clock Skew ; Data Delay ;
+-------+----------------------------------+----------------------------------+----------------------------------+----------------------------------+--------------+------------+------------+
; 0.299 ; pwm_generator:inst|clk_500Hz     ; pwm_generator:inst|clk_500Hz     ; frequency_scaling:inst4|clk_5MHz ; frequency_scaling:inst4|clk_5MHz ; 0.000        ; 0.068      ; 0.511      ;
; 0.455 ; pwm_generator:inst|clk_count[13] ; pwm_generator:inst|clk_count[13] ; frequency_scaling:inst4|clk_5MHz ; frequency_scaling:inst4|clk_5MHz ; 0.000        ; 0.068      ; 0.667      ;
; 0.510 ; pwm_generator:inst|pwm_count[1]  ; pwm_generator:inst|pwm_count[1]  ; frequency_scaling:inst4|clk_5MHz ; frequency_scaling:inst4|clk_5MHz ; 0.000        ; 0.055      ; 0.709      ;
; 0.511 ; pwm_generator:inst|clk_count[5]  ; pwm_generator:inst|clk_count[5]  ; frequency_scaling:inst4|clk_5MHz ; frequency_scaling:inst4|clk_5MHz ; 0.000        ; 0.055      ; 0.710      ;
; 0.511 ; pwm_generator:inst|clk_count[11] ; pwm_generator:inst|clk_count[11] ; frequency_scaling:inst4|clk_5MHz ; frequency_scaling:inst4|clk_5MHz ; 0.000        ; 0.055      ; 0.710      ;
; 0.511 ; pwm_generator:inst|pwm_count[3]  ; pwm_generator:inst|pwm_count[3]  ; frequency_scaling:inst4|clk_5MHz ; frequency_scaling:inst4|clk_5MHz ; 0.000        ; 0.055      ; 0.710      ;
; 0.512 ; pwm_generator:inst|clk_count[6]  ; pwm_generator:inst|clk_count[6]  ; frequency_scaling:inst4|clk_5MHz ; frequency_scaling:inst4|clk_5MHz ; 0.000        ; 0.055      ; 0.711      ;
; 0.514 ; pwm_generator:inst|pwm_count[5]  ; pwm_generator:inst|pwm_count[5]  ; frequency_scaling:inst4|clk_5MHz ; frequency_scaling:inst4|clk_5MHz ; 0.000        ; 0.055      ; 0.713      ;
; 0.516 ; pwm_generator:inst|clk_count[4]  ; pwm_generator:inst|clk_count[4]  ; frequency_scaling:inst4|clk_5MHz ; frequency_scaling:inst4|clk_5MHz ; 0.000        ; 0.055      ; 0.715      ;
; 0.516 ; pwm_generator:inst|pwm_count[6]  ; pwm_generator:inst|pwm_count[6]  ; frequency_scaling:inst4|clk_5MHz ; frequency_scaling:inst4|clk_5MHz ; 0.000        ; 0.055      ; 0.715      ;
; 0.517 ; pwm_generator:inst|clk_count[10] ; pwm_generator:inst|clk_count[10] ; frequency_scaling:inst4|clk_5MHz ; frequency_scaling:inst4|clk_5MHz ; 0.000        ; 0.055      ; 0.716      ;
; 0.517 ; pwm_generator:inst|clk_count[11] ; pwm_generator:inst|clk_count[13] ; frequency_scaling:inst4|clk_5MHz ; frequency_scaling:inst4|clk_5MHz ; 0.000        ; 0.382      ; 1.043      ;
; 0.527 ; pwm_generator:inst|pwm_count[11] ; pwm_generator:inst|pwm_count[11] ; frequency_scaling:inst4|clk_5MHz ; frequency_scaling:inst4|clk_5MHz ; 0.000        ; 0.055      ; 0.726      ;
; 0.531 ; pwm_generator:inst|pwm_count[7]  ; pwm_generator:inst|pwm_count[7]  ; frequency_scaling:inst4|clk_5MHz ; frequency_scaling:inst4|clk_5MHz ; 0.000        ; 0.055      ; 0.730      ;
; 0.531 ; pwm_generator:inst|pwm_count[0]  ; pwm_generator:inst|pwm_count[0]  ; frequency_scaling:inst4|clk_5MHz ; frequency_scaling:inst4|clk_5MHz ; 0.000        ; 0.055      ; 0.730      ;
; 0.532 ; pwm_generator:inst|pwm_count[12] ; pwm_generator:inst|pwm_count[12] ; frequency_scaling:inst4|clk_5MHz ; frequency_scaling:inst4|clk_5MHz ; 0.000        ; 0.055      ; 0.731      ;
; 0.533 ; pwm_generator:inst|pwm_count[2]  ; pwm_generator:inst|pwm_count[2]  ; frequency_scaling:inst4|clk_5MHz ; frequency_scaling:inst4|clk_5MHz ; 0.000        ; 0.055      ; 0.732      ;
; 0.535 ; pwm_generator:inst|clk_count[10] ; pwm_generator:inst|clk_count[13] ; frequency_scaling:inst4|clk_5MHz ; frequency_scaling:inst4|clk_5MHz ; 0.000        ; 0.382      ; 1.061      ;
; 0.561 ; pwm_generator:inst|pwm_count[9]  ; pwm_generator:inst|pwm_signal    ; frequency_scaling:inst4|clk_5MHz ; frequency_scaling:inst4|clk_5MHz ; 0.000        ; 0.382      ; 1.087      ;
; 0.602 ; pwm_generator:inst|pwm_count[12] ; pwm_generator:inst|pwm_signal    ; frequency_scaling:inst4|clk_5MHz ; frequency_scaling:inst4|clk_5MHz ; 0.000        ; 0.381      ; 1.127      ;
; 0.646 ; pwm_generator:inst|pwm_count[11] ; pwm_generator:inst|pwm_signal    ; frequency_scaling:inst4|clk_5MHz ; frequency_scaling:inst4|clk_5MHz ; 0.000        ; 0.381      ; 1.171      ;
; 0.666 ; pwm_generator:inst|pwm_count[13] ; pwm_generator:inst|pwm_signal    ; frequency_scaling:inst4|clk_5MHz ; frequency_scaling:inst4|clk_5MHz ; 0.000        ; 0.067      ; 0.877      ;
; 0.667 ; pwm_generator:inst|pwm_count[8]  ; pwm_generator:inst|pwm_count[13] ; frequency_scaling:inst4|clk_5MHz ; frequency_scaling:inst4|clk_5MHz ; 0.000        ; 0.382      ; 1.193      ;
; 0.674 ; pwm_generator:inst|clk_count[6]  ; pwm_generator:inst|clk_count[8]  ; frequency_scaling:inst4|clk_5MHz ; frequency_scaling:inst4|clk_5MHz ; 0.000        ; 0.382      ; 1.200      ;
; 0.674 ; pwm_generator:inst|clk_count[6]  ; pwm_generator:inst|clk_500Hz     ; frequency_scaling:inst4|clk_5MHz ; frequency_scaling:inst4|clk_5MHz ; 0.000        ; 0.382      ; 1.200      ;
; 0.675 ; pwm_generator:inst|clk_count[6]  ; pwm_generator:inst|clk_count[7]  ; frequency_scaling:inst4|clk_5MHz ; frequency_scaling:inst4|clk_5MHz ; 0.000        ; 0.382      ; 1.201      ;
; 0.677 ; pwm_generator:inst|clk_count[6]  ; pwm_generator:inst|clk_count[12] ; frequency_scaling:inst4|clk_5MHz ; frequency_scaling:inst4|clk_5MHz ; 0.000        ; 0.382      ; 1.203      ;
; 0.687 ; pwm_generator:inst|clk_count[0]  ; pwm_generator:inst|clk_count[8]  ; frequency_scaling:inst4|clk_5MHz ; frequency_scaling:inst4|clk_5MHz ; 0.000        ; 0.382      ; 1.213      ;
; 0.688 ; pwm_generator:inst|clk_count[11] ; pwm_generator:inst|clk_count[7]  ; frequency_scaling:inst4|clk_5MHz ; frequency_scaling:inst4|clk_5MHz ; 0.000        ; 0.382      ; 1.214      ;
; 0.691 ; pwm_generator:inst|clk_count[0]  ; pwm_generator:inst|clk_500Hz     ; frequency_scaling:inst4|clk_5MHz ; frequency_scaling:inst4|clk_5MHz ; 0.000        ; 0.382      ; 1.217      ;
; 0.693 ; pwm_generator:inst|clk_count[11] ; pwm_generator:inst|clk_count[12] ; frequency_scaling:inst4|clk_5MHz ; frequency_scaling:inst4|clk_5MHz ; 0.000        ; 0.382      ; 1.219      ;
; 0.722 ; pwm_generator:inst|clk_count[6]  ; pwm_generator:inst|clk_count[13] ; frequency_scaling:inst4|clk_5MHz ; frequency_scaling:inst4|clk_5MHz ; 0.000        ; 0.382      ; 1.248      ;
; 0.733 ; pwm_generator:inst|pwm_count[10] ; pwm_generator:inst|pwm_signal    ; frequency_scaling:inst4|clk_5MHz ; frequency_scaling:inst4|clk_5MHz ; 0.000        ; 0.381      ; 1.258      ;
; 0.748 ; pwm_generator:inst|clk_count[11] ; pwm_generator:inst|clk_count[9]  ; frequency_scaling:inst4|clk_5MHz ; frequency_scaling:inst4|clk_5MHz ; 0.000        ; 0.382      ; 1.274      ;
; 0.754 ; pwm_generator:inst|pwm_count[1]  ; pwm_generator:inst|pwm_count[2]  ; frequency_scaling:inst4|clk_5MHz ; frequency_scaling:inst4|clk_5MHz ; 0.000        ; 0.055      ; 0.953      ;
; 0.755 ; pwm_generator:inst|clk_count[5]  ; pwm_generator:inst|clk_count[6]  ; frequency_scaling:inst4|clk_5MHz ; frequency_scaling:inst4|clk_5MHz ; 0.000        ; 0.055      ; 0.954      ;
; 0.759 ; pwm_generator:inst|pwm_count[5]  ; pwm_generator:inst|pwm_count[6]  ; frequency_scaling:inst4|clk_5MHz ; frequency_scaling:inst4|clk_5MHz ; 0.000        ; 0.055      ; 0.958      ;
; 0.761 ; pwm_generator:inst|clk_count[9]  ; pwm_generator:inst|clk_count[9]  ; frequency_scaling:inst4|clk_5MHz ; frequency_scaling:inst4|clk_5MHz ; 0.000        ; 0.068      ; 0.973      ;
; 0.764 ; pwm_generator:inst|pwm_count[0]  ; pwm_generator:inst|pwm_count[1]  ; frequency_scaling:inst4|clk_5MHz ; frequency_scaling:inst4|clk_5MHz ; 0.000        ; 0.055      ; 0.963      ;
; 0.765 ; pwm_generator:inst|clk_count[4]  ; pwm_generator:inst|clk_count[5]  ; frequency_scaling:inst4|clk_5MHz ; frequency_scaling:inst4|clk_5MHz ; 0.000        ; 0.055      ; 0.964      ;
; 0.765 ; pwm_generator:inst|pwm_count[6]  ; pwm_generator:inst|pwm_count[7]  ; frequency_scaling:inst4|clk_5MHz ; frequency_scaling:inst4|clk_5MHz ; 0.000        ; 0.055      ; 0.964      ;
; 0.766 ; pwm_generator:inst|clk_count[10] ; pwm_generator:inst|clk_count[11] ; frequency_scaling:inst4|clk_5MHz ; frequency_scaling:inst4|clk_5MHz ; 0.000        ; 0.055      ; 0.965      ;
; 0.769 ; pwm_generator:inst|clk_count[11] ; pwm_generator:inst|clk_count[8]  ; frequency_scaling:inst4|clk_5MHz ; frequency_scaling:inst4|clk_5MHz ; 0.000        ; 0.382      ; 1.295      ;
; 0.770 ; pwm_generator:inst|clk_count[11] ; pwm_generator:inst|clk_500Hz     ; frequency_scaling:inst4|clk_5MHz ; frequency_scaling:inst4|clk_5MHz ; 0.000        ; 0.382      ; 1.296      ;
; 0.771 ; pwm_generator:inst|pwm_count[11] ; pwm_generator:inst|pwm_count[12] ; frequency_scaling:inst4|clk_5MHz ; frequency_scaling:inst4|clk_5MHz ; 0.000        ; 0.055      ; 0.970      ;
; 0.771 ; pwm_generator:inst|pwm_count[0]  ; pwm_generator:inst|pwm_count[2]  ; frequency_scaling:inst4|clk_5MHz ; frequency_scaling:inst4|clk_5MHz ; 0.000        ; 0.055      ; 0.970      ;
; 0.772 ; pwm_generator:inst|clk_count[4]  ; pwm_generator:inst|clk_count[6]  ; frequency_scaling:inst4|clk_5MHz ; frequency_scaling:inst4|clk_5MHz ; 0.000        ; 0.055      ; 0.971      ;
; 0.782 ; pwm_generator:inst|pwm_count[2]  ; pwm_generator:inst|pwm_count[3]  ; frequency_scaling:inst4|clk_5MHz ; frequency_scaling:inst4|clk_5MHz ; 0.000        ; 0.055      ; 0.981      ;
; 0.784 ; pwm_generator:inst|pwm_count[10] ; pwm_generator:inst|pwm_count[11] ; frequency_scaling:inst4|clk_5MHz ; frequency_scaling:inst4|clk_5MHz ; 0.000        ; 0.055      ; 0.983      ;
; 0.786 ; pwm_generator:inst|pwm_count[11] ; pwm_generator:inst|pwm_count[13] ; frequency_scaling:inst4|clk_5MHz ; frequency_scaling:inst4|clk_5MHz ; 0.000        ; 0.382      ; 1.312      ;
; 0.791 ; pwm_generator:inst|pwm_count[10] ; pwm_generator:inst|pwm_count[12] ; frequency_scaling:inst4|clk_5MHz ; frequency_scaling:inst4|clk_5MHz ; 0.000        ; 0.055      ; 0.990      ;
; 0.794 ; pwm_generator:inst|clk_count[6]  ; pwm_generator:inst|clk_count[9]  ; frequency_scaling:inst4|clk_5MHz ; frequency_scaling:inst4|clk_5MHz ; 0.000        ; 0.382      ; 1.320      ;
; 0.795 ; pwm_generator:inst|pwm_count[8]  ; pwm_generator:inst|pwm_signal    ; frequency_scaling:inst4|clk_5MHz ; frequency_scaling:inst4|clk_5MHz ; 0.000        ; 0.381      ; 1.320      ;
; 0.797 ; pwm_generator:inst|clk_count[0]  ; pwm_generator:inst|clk_count[9]  ; frequency_scaling:inst4|clk_5MHz ; frequency_scaling:inst4|clk_5MHz ; 0.000        ; 0.382      ; 1.323      ;
; 0.803 ; pwm_generator:inst|pwm_count[8]  ; pwm_generator:inst|pwm_count[8]  ; frequency_scaling:inst4|clk_5MHz ; frequency_scaling:inst4|clk_5MHz ; 0.000        ; 0.055      ; 1.002      ;
; 0.804 ; pwm_generator:inst|pwm_count[10] ; pwm_generator:inst|pwm_count[10] ; frequency_scaling:inst4|clk_5MHz ; frequency_scaling:inst4|clk_5MHz ; 0.000        ; 0.055      ; 1.003      ;
; 0.805 ; pwm_generator:inst|clk_count[5]  ; pwm_generator:inst|clk_count[13] ; frequency_scaling:inst4|clk_5MHz ; frequency_scaling:inst4|clk_5MHz ; 0.000        ; 0.382      ; 1.331      ;
; 0.822 ; pwm_generator:inst|pwm_count[13] ; pwm_generator:inst|pwm_count[13] ; frequency_scaling:inst4|clk_5MHz ; frequency_scaling:inst4|clk_5MHz ; 0.000        ; 0.068      ; 1.034      ;
; 0.822 ; pwm_generator:inst|clk_count[4]  ; pwm_generator:inst|clk_count[13] ; frequency_scaling:inst4|clk_5MHz ; frequency_scaling:inst4|clk_5MHz ; 0.000        ; 0.382      ; 1.348      ;
; 0.825 ; pwm_generator:inst|pwm_count[12] ; pwm_generator:inst|pwm_count[13] ; frequency_scaling:inst4|clk_5MHz ; frequency_scaling:inst4|clk_5MHz ; 0.000        ; 0.382      ; 1.351      ;
; 0.838 ; pwm_generator:inst|pwm_count[7]  ; pwm_generator:inst|pwm_signal    ; frequency_scaling:inst4|clk_5MHz ; frequency_scaling:inst4|clk_5MHz ; 0.000        ; 0.381      ; 1.363      ;
; 0.838 ; pwm_generator:inst|pwm_count[4]  ; pwm_generator:inst|pwm_signal    ; frequency_scaling:inst4|clk_5MHz ; frequency_scaling:inst4|clk_5MHz ; 0.000        ; 0.382      ; 1.364      ;
; 0.843 ; pwm_generator:inst|pwm_count[1]  ; pwm_generator:inst|pwm_count[3]  ; frequency_scaling:inst4|clk_5MHz ; frequency_scaling:inst4|clk_5MHz ; 0.000        ; 0.055      ; 1.042      ;
; 0.844 ; pwm_generator:inst|pwm_count[3]  ; pwm_generator:inst|pwm_count[5]  ; frequency_scaling:inst4|clk_5MHz ; frequency_scaling:inst4|clk_5MHz ; 0.000        ; 0.055      ; 1.043      ;
; 0.845 ; pwm_generator:inst|clk_count[2]  ; pwm_generator:inst|clk_count[4]  ; frequency_scaling:inst4|clk_5MHz ; frequency_scaling:inst4|clk_5MHz ; 0.000        ; 0.055      ; 1.044      ;
; 0.846 ; pwm_generator:inst|clk_count[5]  ; pwm_generator:inst|clk_count[8]  ; frequency_scaling:inst4|clk_5MHz ; frequency_scaling:inst4|clk_5MHz ; 0.000        ; 0.382      ; 1.372      ;
; 0.848 ; pwm_generator:inst|pwm_count[5]  ; pwm_generator:inst|pwm_count[7]  ; frequency_scaling:inst4|clk_5MHz ; frequency_scaling:inst4|clk_5MHz ; 0.000        ; 0.055      ; 1.047      ;
; 0.848 ; pwm_generator:inst|clk_count[10] ; pwm_generator:inst|clk_count[12] ; frequency_scaling:inst4|clk_5MHz ; frequency_scaling:inst4|clk_5MHz ; 0.000        ; 0.382      ; 1.374      ;
; 0.850 ; pwm_generator:inst|clk_count[5]  ; pwm_generator:inst|clk_500Hz     ; frequency_scaling:inst4|clk_5MHz ; frequency_scaling:inst4|clk_5MHz ; 0.000        ; 0.382      ; 1.376      ;
; 0.851 ; pwm_generator:inst|pwm_count[6]  ; pwm_generator:inst|pwm_count[13] ; frequency_scaling:inst4|clk_5MHz ; frequency_scaling:inst4|clk_5MHz ; 0.000        ; 0.382      ; 1.377      ;
; 0.851 ; pwm_generator:inst|pwm_count[3]  ; pwm_generator:inst|pwm_count[6]  ; frequency_scaling:inst4|clk_5MHz ; frequency_scaling:inst4|clk_5MHz ; 0.000        ; 0.055      ; 1.050      ;
; 0.852 ; pwm_generator:inst|pwm_count[10] ; pwm_generator:inst|pwm_count[13] ; frequency_scaling:inst4|clk_5MHz ; frequency_scaling:inst4|clk_5MHz ; 0.000        ; 0.382      ; 1.378      ;
; 0.852 ; pwm_generator:inst|clk_count[2]  ; pwm_generator:inst|clk_count[5]  ; frequency_scaling:inst4|clk_5MHz ; frequency_scaling:inst4|clk_5MHz ; 0.000        ; 0.055      ; 1.051      ;
; 0.855 ; pwm_generator:inst|clk_count[9]  ; pwm_generator:inst|clk_count[13] ; frequency_scaling:inst4|clk_5MHz ; frequency_scaling:inst4|clk_5MHz ; 0.000        ; 0.068      ; 1.067      ;
; 0.856 ; pwm_generator:inst|pwm_count[7]  ; pwm_generator:inst|pwm_count[13] ; frequency_scaling:inst4|clk_5MHz ; frequency_scaling:inst4|clk_5MHz ; 0.000        ; 0.382      ; 1.382      ;
; 0.860 ; pwm_generator:inst|pwm_count[0]  ; pwm_generator:inst|pwm_count[3]  ; frequency_scaling:inst4|clk_5MHz ; frequency_scaling:inst4|clk_5MHz ; 0.000        ; 0.055      ; 1.059      ;
; 0.863 ; pwm_generator:inst|clk_count[2]  ; pwm_generator:inst|clk_count[2]  ; frequency_scaling:inst4|clk_5MHz ; frequency_scaling:inst4|clk_5MHz ; 0.000        ; 0.055      ; 1.062      ;
; 0.864 ; pwm_generator:inst|clk_count[6]  ; pwm_generator:inst|clk_count[10] ; frequency_scaling:inst4|clk_5MHz ; frequency_scaling:inst4|clk_5MHz ; 0.000        ; 0.055      ; 1.063      ;
; 0.877 ; pwm_generator:inst|clk_count[5]  ; pwm_generator:inst|clk_count[9]  ; frequency_scaling:inst4|clk_5MHz ; frequency_scaling:inst4|clk_5MHz ; 0.000        ; 0.382      ; 1.403      ;
; 0.878 ; pwm_generator:inst|pwm_count[2]  ; pwm_generator:inst|pwm_count[5]  ; frequency_scaling:inst4|clk_5MHz ; frequency_scaling:inst4|clk_5MHz ; 0.000        ; 0.055      ; 1.077      ;
; 0.880 ; pwm_generator:inst|pwm_count[8]  ; pwm_generator:inst|pwm_count[11] ; frequency_scaling:inst4|clk_5MHz ; frequency_scaling:inst4|clk_5MHz ; 0.000        ; 0.055      ; 1.079      ;
; 0.883 ; pwm_generator:inst|clk_count[12] ; pwm_generator:inst|clk_count[13] ; frequency_scaling:inst4|clk_5MHz ; frequency_scaling:inst4|clk_5MHz ; 0.000        ; 0.068      ; 1.095      ;
; 0.885 ; pwm_generator:inst|pwm_count[2]  ; pwm_generator:inst|pwm_count[6]  ; frequency_scaling:inst4|clk_5MHz ; frequency_scaling:inst4|clk_5MHz ; 0.000        ; 0.055      ; 1.084      ;
; 0.887 ; pwm_generator:inst|clk_count[0]  ; pwm_generator:inst|clk_count[7]  ; frequency_scaling:inst4|clk_5MHz ; frequency_scaling:inst4|clk_5MHz ; 0.000        ; 0.382      ; 1.413      ;
; 0.887 ; pwm_generator:inst|clk_count[0]  ; pwm_generator:inst|clk_count[12] ; frequency_scaling:inst4|clk_5MHz ; frequency_scaling:inst4|clk_5MHz ; 0.000        ; 0.382      ; 1.413      ;
; 0.887 ; pwm_generator:inst|pwm_count[8]  ; pwm_generator:inst|pwm_count[12] ; frequency_scaling:inst4|clk_5MHz ; frequency_scaling:inst4|clk_5MHz ; 0.000        ; 0.055      ; 1.086      ;
; 0.894 ; pwm_generator:inst|clk_count[4]  ; pwm_generator:inst|clk_count[9]  ; frequency_scaling:inst4|clk_5MHz ; frequency_scaling:inst4|clk_5MHz ; 0.000        ; 0.382      ; 1.420      ;
; 0.896 ; pwm_generator:inst|pwm_count[4]  ; pwm_generator:inst|pwm_count[5]  ; frequency_scaling:inst4|clk_5MHz ; frequency_scaling:inst4|clk_5MHz ; 0.000        ; 0.056      ; 1.096      ;
; 0.902 ; pwm_generator:inst|clk_count[5]  ; pwm_generator:inst|clk_count[7]  ; frequency_scaling:inst4|clk_5MHz ; frequency_scaling:inst4|clk_5MHz ; 0.000        ; 0.382      ; 1.428      ;
; 0.903 ; pwm_generator:inst|pwm_count[4]  ; pwm_generator:inst|pwm_count[6]  ; frequency_scaling:inst4|clk_5MHz ; frequency_scaling:inst4|clk_5MHz ; 0.000        ; 0.056      ; 1.103      ;
; 0.909 ; pwm_generator:inst|clk_count[2]  ; pwm_generator:inst|clk_count[13] ; frequency_scaling:inst4|clk_5MHz ; frequency_scaling:inst4|clk_5MHz ; 0.000        ; 0.382      ; 1.435      ;
; 0.919 ; pwm_generator:inst|clk_count[4]  ; pwm_generator:inst|clk_count[7]  ; frequency_scaling:inst4|clk_5MHz ; frequency_scaling:inst4|clk_5MHz ; 0.000        ; 0.382      ; 1.445      ;
; 0.925 ; pwm_generator:inst|pwm_count[5]  ; pwm_generator:inst|pwm_signal    ; frequency_scaling:inst4|clk_5MHz ; frequency_scaling:inst4|clk_5MHz ; 0.000        ; 0.381      ; 1.450      ;
; 0.927 ; pwm_generator:inst|clk_count[3]  ; pwm_generator:inst|clk_count[4]  ; frequency_scaling:inst4|clk_5MHz ; frequency_scaling:inst4|clk_5MHz ; 0.000        ; 0.054      ; 1.125      ;
; 0.928 ; pwm_generator:inst|pwm_count[9]  ; pwm_generator:inst|pwm_count[13] ; frequency_scaling:inst4|clk_5MHz ; frequency_scaling:inst4|clk_5MHz ; 0.000        ; 0.383      ; 1.455      ;
; 0.931 ; pwm_generator:inst|pwm_count[1]  ; pwm_generator:inst|pwm_count[4]  ; frequency_scaling:inst4|clk_5MHz ; frequency_scaling:inst4|clk_5MHz ; 0.000        ; 0.054      ; 1.129      ;
; 0.939 ; pwm_generator:inst|pwm_count[1]  ; pwm_generator:inst|pwm_count[5]  ; frequency_scaling:inst4|clk_5MHz ; frequency_scaling:inst4|clk_5MHz ; 0.000        ; 0.055      ; 1.138      ;
; 0.940 ; pwm_generator:inst|pwm_count[3]  ; pwm_generator:inst|pwm_count[7]  ; frequency_scaling:inst4|clk_5MHz ; frequency_scaling:inst4|clk_5MHz ; 0.000        ; 0.055      ; 1.139      ;
; 0.941 ; pwm_generator:inst|clk_count[0]  ; pwm_generator:inst|clk_count[4]  ; frequency_scaling:inst4|clk_5MHz ; frequency_scaling:inst4|clk_5MHz ; 0.000        ; 0.055      ; 1.140      ;
; 0.941 ; pwm_generator:inst|clk_count[2]  ; pwm_generator:inst|clk_count[6]  ; frequency_scaling:inst4|clk_5MHz ; frequency_scaling:inst4|clk_5MHz ; 0.000        ; 0.055      ; 1.140      ;
+-------+----------------------------------+----------------------------------+----------------------------------+----------------------------------+--------------+------------+------------+


+-----------------------------------------------------------------------------------------------------------------------------------------------------------------------+
; Slow 1200mV 0C Model Hold: 'clk_50MHz'                                                                                                                                ;
+-------+----------------------------------+----------------------------------+----------------------------------+-------------+--------------+------------+------------+
; Slack ; From Node                        ; To Node                          ; Launch Clock                     ; Latch Clock ; Relationship ; Clock Skew ; Data Delay ;
+-------+----------------------------------+----------------------------------+----------------------------------+-------------+--------------+------------+------------+
; 0.312 ; frequency_scaling:inst4|count[1] ; frequency_scaling:inst4|count[1] ; clk_50MHz                        ; clk_50MHz   ; 0.000        ; 0.055      ; 0.511      ;
; 0.312 ; frequency_scaling:inst4|count[2] ; frequency_scaling:inst4|count[2] ; clk_50MHz                        ; clk_50MHz   ; 0.000        ; 0.055      ; 0.511      ;
; 0.320 ; frequency_scaling:inst4|count[0] ; frequency_scaling:inst4|count[0] ; clk_50MHz                        ; clk_50MHz   ; 0.000        ; 0.055      ; 0.519      ;
; 0.488 ; frequency_scaling:inst4|count[0] ; frequency_scaling:inst4|count[2] ; clk_50MHz                        ; clk_50MHz   ; 0.000        ; 0.055      ; 0.687      ;
; 0.491 ; frequency_scaling:inst4|count[0] ; frequency_scaling:inst4|count[1] ; clk_50MHz                        ; clk_50MHz   ; 0.000        ; 0.055      ; 0.690      ;
; 0.511 ; frequency_scaling:inst4|count[1] ; frequency_scaling:inst4|count[2] ; clk_50MHz                        ; clk_50MHz   ; 0.000        ; 0.055      ; 0.710      ;
; 0.516 ; frequency_scaling:inst4|count[2] ; frequency_scaling:inst4|count[0] ; clk_50MHz                        ; clk_50MHz   ; 0.000        ; 0.055      ; 0.715      ;
; 0.523 ; frequency_scaling:inst4|count[1] ; frequency_scaling:inst4|count[0] ; clk_50MHz                        ; clk_50MHz   ; 0.000        ; 0.055      ; 0.722      ;
; 0.557 ; frequency_scaling:inst4|clk_5MHz ; frequency_scaling:inst4|clk_5MHz ; frequency_scaling:inst4|clk_5MHz ; clk_50MHz   ; 0.000        ; 2.007      ; 2.918      ;
; 1.057 ; frequency_scaling:inst4|clk_5MHz ; frequency_scaling:inst4|clk_5MHz ; frequency_scaling:inst4|clk_5MHz ; clk_50MHz   ; -0.500       ; 2.007      ; 2.918      ;
; 1.082 ; frequency_scaling:inst4|count[1] ; frequency_scaling:inst4|clk_5MHz ; clk_50MHz                        ; clk_50MHz   ; 0.000        ; 0.055      ; 1.281      ;
; 1.168 ; frequency_scaling:inst4|count[2] ; frequency_scaling:inst4|clk_5MHz ; clk_50MHz                        ; clk_50MHz   ; 0.000        ; 0.055      ; 1.367      ;
; 1.323 ; frequency_scaling:inst4|count[0] ; frequency_scaling:inst4|clk_5MHz ; clk_50MHz                        ; clk_50MHz   ; 0.000        ; 0.055      ; 1.522      ;
+-------+----------------------------------+----------------------------------+----------------------------------+-------------+--------------+------------+------------+


----------------------------------------------
; Slow 1200mV 0C Model Metastability Summary ;
----------------------------------------------
No synchronizer chains to report.


+-----------------------------------------------------------+
; Fast 1200mV 0C Model Setup Summary                        ;
+----------------------------------+--------+---------------+
; Clock                            ; Slack  ; End Point TNS ;
+----------------------------------+--------+---------------+
; frequency_scaling:inst4|clk_5MHz ; -0.415 ; -5.194        ;
; clk_50MHz                        ; -0.347 ; -0.347        ;
+----------------------------------+--------+---------------+


+----------------------------------------------------------+
; Fast 1200mV 0C Model Hold Summary                        ;
+----------------------------------+-------+---------------+
; Clock                            ; Slack ; End Point TNS ;
+----------------------------------+-------+---------------+
; frequency_scaling:inst4|clk_5MHz ; 0.178 ; 0.000         ;
; clk_50MHz                        ; 0.186 ; 0.000         ;
+----------------------------------+-------+---------------+


-----------------------------------------
; Fast 1200mV 0C Model Recovery Summary ;
-----------------------------------------
No paths to report.


----------------------------------------
; Fast 1200mV 0C Model Removal Summary ;
----------------------------------------
No paths to report.


+-----------------------------------------------------------+
; Fast 1200mV 0C Model Minimum Pulse Width Summary          ;
+----------------------------------+--------+---------------+
; Clock                            ; Slack  ; End Point TNS ;
+----------------------------------+--------+---------------+
; clk_50MHz                        ; -3.000 ; -7.224        ;
; frequency_scaling:inst4|clk_5MHz ; -1.000 ; -30.000       ;
+----------------------------------+--------+---------------+


+---------------------------------------------------------------------------------------------------------------------------------------------------------------------------------------------+
; Fast 1200mV 0C Model Setup: 'frequency_scaling:inst4|clk_5MHz'                                                                                                                              ;
+--------+----------------------------------+----------------------------------+----------------------------------+----------------------------------+--------------+------------+------------+
; Slack  ; From Node                        ; To Node                          ; Launch Clock                     ; Latch Clock                      ; Relationship ; Clock Skew ; Data Delay ;
+--------+----------------------------------+----------------------------------+----------------------------------+----------------------------------+--------------+------------+------------+
; -0.415 ; pwm_generator:inst|clk_count[1]  ; pwm_generator:inst|clk_count[12] ; frequency_scaling:inst4|clk_5MHz ; frequency_scaling:inst4|clk_5MHz ; 1.000        ; -0.045     ; 1.357      ;
; -0.358 ; pwm_generator:inst|pwm_count[1]  ; pwm_generator:inst|pwm_count[9]  ; frequency_scaling:inst4|clk_5MHz ; frequency_scaling:inst4|clk_5MHz ; 1.000        ; -0.037     ; 1.308      ;
; -0.354 ; pwm_generator:inst|clk_count[1]  ; pwm_generator:inst|clk_count[3]  ; frequency_scaling:inst4|clk_5MHz ; frequency_scaling:inst4|clk_5MHz ; 1.000        ; -0.234     ; 1.107      ;
; -0.347 ; pwm_generator:inst|pwm_count[0]  ; pwm_generator:inst|pwm_count[9]  ; frequency_scaling:inst4|clk_5MHz ; frequency_scaling:inst4|clk_5MHz ; 1.000        ; -0.037     ; 1.297      ;
; -0.328 ; pwm_generator:inst|pwm_count[1]  ; pwm_generator:inst|pwm_count[10] ; frequency_scaling:inst4|clk_5MHz ; frequency_scaling:inst4|clk_5MHz ; 1.000        ; -0.037     ; 1.278      ;
; -0.322 ; pwm_generator:inst|clk_count[3]  ; pwm_generator:inst|clk_count[12] ; frequency_scaling:inst4|clk_5MHz ; frequency_scaling:inst4|clk_5MHz ; 1.000        ; 0.152      ; 1.461      ;
; -0.320 ; pwm_generator:inst|clk_count[8]  ; pwm_generator:inst|clk_count[12] ; frequency_scaling:inst4|clk_5MHz ; frequency_scaling:inst4|clk_5MHz ; 1.000        ; -0.045     ; 1.262      ;
; -0.316 ; pwm_generator:inst|clk_count[1]  ; pwm_generator:inst|clk_count[8]  ; frequency_scaling:inst4|clk_5MHz ; frequency_scaling:inst4|clk_5MHz ; 1.000        ; -0.045     ; 1.258      ;
; -0.307 ; pwm_generator:inst|clk_count[1]  ; pwm_generator:inst|clk_count[11] ; frequency_scaling:inst4|clk_5MHz ; frequency_scaling:inst4|clk_5MHz ; 1.000        ; -0.234     ; 1.060      ;
; -0.301 ; pwm_generator:inst|clk_count[7]  ; pwm_generator:inst|clk_count[12] ; frequency_scaling:inst4|clk_5MHz ; frequency_scaling:inst4|clk_5MHz ; 1.000        ; -0.045     ; 1.243      ;
; -0.298 ; pwm_generator:inst|clk_count[0]  ; pwm_generator:inst|clk_count[12] ; frequency_scaling:inst4|clk_5MHz ; frequency_scaling:inst4|clk_5MHz ; 1.000        ; 0.152      ; 1.437      ;
; -0.294 ; pwm_generator:inst|pwm_count[1]  ; pwm_generator:inst|pwm_count[4]  ; frequency_scaling:inst4|clk_5MHz ; frequency_scaling:inst4|clk_5MHz ; 1.000        ; -0.037     ; 1.244      ;
; -0.292 ; pwm_generator:inst|pwm_count[2]  ; pwm_generator:inst|pwm_count[9]  ; frequency_scaling:inst4|clk_5MHz ; frequency_scaling:inst4|clk_5MHz ; 1.000        ; -0.037     ; 1.242      ;
; -0.290 ; pwm_generator:inst|pwm_count[3]  ; pwm_generator:inst|pwm_count[9]  ; frequency_scaling:inst4|clk_5MHz ; frequency_scaling:inst4|clk_5MHz ; 1.000        ; -0.037     ; 1.240      ;
; -0.283 ; pwm_generator:inst|pwm_count[0]  ; pwm_generator:inst|pwm_count[10] ; frequency_scaling:inst4|clk_5MHz ; frequency_scaling:inst4|clk_5MHz ; 1.000        ; -0.037     ; 1.233      ;
; -0.281 ; pwm_generator:inst|pwm_count[1]  ; pwm_generator:inst|pwm_count[13] ; frequency_scaling:inst4|clk_5MHz ; frequency_scaling:inst4|clk_5MHz ; 1.000        ; 0.153      ; 1.421      ;
; -0.280 ; pwm_generator:inst|pwm_count[4]  ; pwm_generator:inst|pwm_count[9]  ; frequency_scaling:inst4|clk_5MHz ; frequency_scaling:inst4|clk_5MHz ; 1.000        ; -0.037     ; 1.230      ;
; -0.277 ; pwm_generator:inst|clk_count[1]  ; pwm_generator:inst|clk_count[10] ; frequency_scaling:inst4|clk_5MHz ; frequency_scaling:inst4|clk_5MHz ; 1.000        ; -0.234     ; 1.030      ;
; -0.271 ; pwm_generator:inst|clk_count[0]  ; pwm_generator:inst|clk_count[3]  ; frequency_scaling:inst4|clk_5MHz ; frequency_scaling:inst4|clk_5MHz ; 1.000        ; -0.037     ; 1.221      ;
; -0.270 ; pwm_generator:inst|pwm_count[0]  ; pwm_generator:inst|pwm_count[13] ; frequency_scaling:inst4|clk_5MHz ; frequency_scaling:inst4|clk_5MHz ; 1.000        ; 0.153      ; 1.410      ;
; -0.260 ; pwm_generator:inst|pwm_count[3]  ; pwm_generator:inst|pwm_count[10] ; frequency_scaling:inst4|clk_5MHz ; frequency_scaling:inst4|clk_5MHz ; 1.000        ; -0.037     ; 1.210      ;
; -0.259 ; pwm_generator:inst|pwm_count[1]  ; pwm_generator:inst|pwm_count[8]  ; frequency_scaling:inst4|clk_5MHz ; frequency_scaling:inst4|clk_5MHz ; 1.000        ; -0.037     ; 1.209      ;
; -0.249 ; pwm_generator:inst|clk_count[0]  ; pwm_generator:inst|clk_count[1]  ; frequency_scaling:inst4|clk_5MHz ; frequency_scaling:inst4|clk_5MHz ; 1.000        ; 0.152      ; 1.388      ;
; -0.249 ; pwm_generator:inst|pwm_count[0]  ; pwm_generator:inst|pwm_count[4]  ; frequency_scaling:inst4|clk_5MHz ; frequency_scaling:inst4|clk_5MHz ; 1.000        ; -0.037     ; 1.199      ;
; -0.247 ; pwm_generator:inst|pwm_count[2]  ; pwm_generator:inst|pwm_count[8]  ; frequency_scaling:inst4|clk_5MHz ; frequency_scaling:inst4|clk_5MHz ; 1.000        ; -0.037     ; 1.197      ;
; -0.247 ; pwm_generator:inst|pwm_count[2]  ; pwm_generator:inst|pwm_count[10] ; frequency_scaling:inst4|clk_5MHz ; frequency_scaling:inst4|clk_5MHz ; 1.000        ; -0.037     ; 1.197      ;
; -0.246 ; pwm_generator:inst|clk_count[8]  ; pwm_generator:inst|clk_count[11] ; frequency_scaling:inst4|clk_5MHz ; frequency_scaling:inst4|clk_5MHz ; 1.000        ; -0.234     ; 0.999      ;
; -0.243 ; pwm_generator:inst|pwm_count[9]  ; pwm_generator:inst|pwm_count[10] ; frequency_scaling:inst4|clk_5MHz ; frequency_scaling:inst4|clk_5MHz ; 1.000        ; -0.037     ; 1.193      ;
; -0.243 ; pwm_generator:inst|pwm_count[9]  ; pwm_generator:inst|pwm_count[8]  ; frequency_scaling:inst4|clk_5MHz ; frequency_scaling:inst4|clk_5MHz ; 1.000        ; -0.037     ; 1.193      ;
; -0.235 ; pwm_generator:inst|pwm_count[9]  ; pwm_generator:inst|pwm_count[4]  ; frequency_scaling:inst4|clk_5MHz ; frequency_scaling:inst4|clk_5MHz ; 1.000        ; -0.037     ; 1.185      ;
; -0.232 ; pwm_generator:inst|clk_count[2]  ; pwm_generator:inst|clk_count[12] ; frequency_scaling:inst4|clk_5MHz ; frequency_scaling:inst4|clk_5MHz ; 1.000        ; 0.152      ; 1.371      ;
; -0.231 ; pwm_generator:inst|clk_count[1]  ; pwm_generator:inst|clk_count[2]  ; frequency_scaling:inst4|clk_5MHz ; frequency_scaling:inst4|clk_5MHz ; 1.000        ; -0.234     ; 0.984      ;
; -0.227 ; pwm_generator:inst|pwm_count[5]  ; pwm_generator:inst|pwm_count[8]  ; frequency_scaling:inst4|clk_5MHz ; frequency_scaling:inst4|clk_5MHz ; 1.000        ; -0.037     ; 1.177      ;
; -0.226 ; pwm_generator:inst|pwm_count[5]  ; pwm_generator:inst|pwm_count[9]  ; frequency_scaling:inst4|clk_5MHz ; frequency_scaling:inst4|clk_5MHz ; 1.000        ; -0.037     ; 1.176      ;
; -0.226 ; pwm_generator:inst|pwm_count[5]  ; pwm_generator:inst|pwm_count[10] ; frequency_scaling:inst4|clk_5MHz ; frequency_scaling:inst4|clk_5MHz ; 1.000        ; -0.037     ; 1.176      ;
; -0.226 ; pwm_generator:inst|pwm_count[3]  ; pwm_generator:inst|pwm_count[4]  ; frequency_scaling:inst4|clk_5MHz ; frequency_scaling:inst4|clk_5MHz ; 1.000        ; -0.037     ; 1.176      ;
; -0.225 ; pwm_generator:inst|clk_count[1]  ; pwm_generator:inst|clk_count[7]  ; frequency_scaling:inst4|clk_5MHz ; frequency_scaling:inst4|clk_5MHz ; 1.000        ; -0.045     ; 1.167      ;
; -0.224 ; pwm_generator:inst|clk_count[0]  ; pwm_generator:inst|clk_count[11] ; frequency_scaling:inst4|clk_5MHz ; frequency_scaling:inst4|clk_5MHz ; 1.000        ; -0.037     ; 1.174      ;
; -0.223 ; pwm_generator:inst|clk_count[3]  ; pwm_generator:inst|clk_count[8]  ; frequency_scaling:inst4|clk_5MHz ; frequency_scaling:inst4|clk_5MHz ; 1.000        ; 0.152      ; 1.362      ;
; -0.222 ; pwm_generator:inst|pwm_count[1]  ; pwm_generator:inst|pwm_count[12] ; frequency_scaling:inst4|clk_5MHz ; frequency_scaling:inst4|clk_5MHz ; 1.000        ; -0.037     ; 1.172      ;
; -0.220 ; pwm_generator:inst|pwm_count[4]  ; pwm_generator:inst|pwm_count[10] ; frequency_scaling:inst4|clk_5MHz ; frequency_scaling:inst4|clk_5MHz ; 1.000        ; -0.037     ; 1.170      ;
; -0.217 ; pwm_generator:inst|clk_count[1]  ; pwm_generator:inst|clk_count[9]  ; frequency_scaling:inst4|clk_5MHz ; frequency_scaling:inst4|clk_5MHz ; 1.000        ; -0.045     ; 1.159      ;
; -0.215 ; pwm_generator:inst|pwm_count[2]  ; pwm_generator:inst|pwm_count[13] ; frequency_scaling:inst4|clk_5MHz ; frequency_scaling:inst4|clk_5MHz ; 1.000        ; 0.153      ; 1.355      ;
; -0.214 ; pwm_generator:inst|pwm_count[0]  ; pwm_generator:inst|pwm_count[8]  ; frequency_scaling:inst4|clk_5MHz ; frequency_scaling:inst4|clk_5MHz ; 1.000        ; -0.037     ; 1.164      ;
; -0.213 ; pwm_generator:inst|pwm_count[3]  ; pwm_generator:inst|pwm_count[13] ; frequency_scaling:inst4|clk_5MHz ; frequency_scaling:inst4|clk_5MHz ; 1.000        ; 0.153      ; 1.353      ;
; -0.205 ; pwm_generator:inst|clk_count[2]  ; pwm_generator:inst|clk_count[3]  ; frequency_scaling:inst4|clk_5MHz ; frequency_scaling:inst4|clk_5MHz ; 1.000        ; -0.037     ; 1.155      ;
; -0.203 ; pwm_generator:inst|pwm_count[4]  ; pwm_generator:inst|pwm_count[13] ; frequency_scaling:inst4|clk_5MHz ; frequency_scaling:inst4|clk_5MHz ; 1.000        ; 0.153      ; 1.343      ;
; -0.202 ; pwm_generator:inst|clk_count[7]  ; pwm_generator:inst|clk_count[8]  ; frequency_scaling:inst4|clk_5MHz ; frequency_scaling:inst4|clk_5MHz ; 1.000        ; -0.045     ; 1.144      ;
; -0.199 ; pwm_generator:inst|clk_count[0]  ; pwm_generator:inst|clk_count[8]  ; frequency_scaling:inst4|clk_5MHz ; frequency_scaling:inst4|clk_5MHz ; 1.000        ; 0.152      ; 1.338      ;
; -0.198 ; pwm_generator:inst|clk_count[7]  ; pwm_generator:inst|clk_count[11] ; frequency_scaling:inst4|clk_5MHz ; frequency_scaling:inst4|clk_5MHz ; 1.000        ; -0.234     ; 0.951      ;
; -0.196 ; pwm_generator:inst|pwm_count[10] ; pwm_generator:inst|pwm_count[9]  ; frequency_scaling:inst4|clk_5MHz ; frequency_scaling:inst4|clk_5MHz ; 1.000        ; -0.037     ; 1.146      ;
; -0.196 ; pwm_generator:inst|pwm_count[10] ; pwm_generator:inst|pwm_count[4]  ; frequency_scaling:inst4|clk_5MHz ; frequency_scaling:inst4|clk_5MHz ; 1.000        ; -0.037     ; 1.146      ;
; -0.193 ; pwm_generator:inst|clk_count[9]  ; pwm_generator:inst|clk_count[3]  ; frequency_scaling:inst4|clk_5MHz ; frequency_scaling:inst4|clk_5MHz ; 1.000        ; -0.234     ; 0.946      ;
; -0.193 ; pwm_generator:inst|pwm_count[2]  ; pwm_generator:inst|pwm_count[4]  ; frequency_scaling:inst4|clk_5MHz ; frequency_scaling:inst4|clk_5MHz ; 1.000        ; -0.037     ; 1.143      ;
; -0.191 ; pwm_generator:inst|pwm_count[3]  ; pwm_generator:inst|pwm_count[8]  ; frequency_scaling:inst4|clk_5MHz ; frequency_scaling:inst4|clk_5MHz ; 1.000        ; -0.037     ; 1.141      ;
; -0.188 ; pwm_generator:inst|clk_count[3]  ; pwm_generator:inst|clk_count[11] ; frequency_scaling:inst4|clk_5MHz ; frequency_scaling:inst4|clk_5MHz ; 1.000        ; -0.037     ; 1.138      ;
; -0.186 ; pwm_generator:inst|clk_count[1]  ; pwm_generator:inst|clk_count[13] ; frequency_scaling:inst4|clk_5MHz ; frequency_scaling:inst4|clk_5MHz ; 1.000        ; -0.045     ; 1.128      ;
; -0.185 ; pwm_generator:inst|pwm_count[12] ; pwm_generator:inst|pwm_count[9]  ; frequency_scaling:inst4|clk_5MHz ; frequency_scaling:inst4|clk_5MHz ; 1.000        ; -0.037     ; 1.135      ;
; -0.185 ; pwm_generator:inst|pwm_count[12] ; pwm_generator:inst|pwm_count[4]  ; frequency_scaling:inst4|clk_5MHz ; frequency_scaling:inst4|clk_5MHz ; 1.000        ; -0.037     ; 1.135      ;
; -0.184 ; pwm_generator:inst|clk_count[3]  ; pwm_generator:inst|clk_count[10] ; frequency_scaling:inst4|clk_5MHz ; frequency_scaling:inst4|clk_5MHz ; 1.000        ; -0.037     ; 1.134      ;
; -0.182 ; pwm_generator:inst|clk_count[8]  ; pwm_generator:inst|clk_count[10] ; frequency_scaling:inst4|clk_5MHz ; frequency_scaling:inst4|clk_5MHz ; 1.000        ; -0.234     ; 0.935      ;
; -0.180 ; pwm_generator:inst|pwm_count[10] ; pwm_generator:inst|pwm_count[10] ; frequency_scaling:inst4|clk_5MHz ; frequency_scaling:inst4|clk_5MHz ; 1.000        ; -0.037     ; 1.130      ;
; -0.180 ; pwm_generator:inst|pwm_count[10] ; pwm_generator:inst|pwm_count[8]  ; frequency_scaling:inst4|clk_5MHz ; frequency_scaling:inst4|clk_5MHz ; 1.000        ; -0.037     ; 1.130      ;
; -0.178 ; pwm_generator:inst|pwm_count[13] ; pwm_generator:inst|pwm_count[9]  ; frequency_scaling:inst4|clk_5MHz ; frequency_scaling:inst4|clk_5MHz ; 1.000        ; -0.235     ; 0.930      ;
; -0.178 ; pwm_generator:inst|pwm_count[13] ; pwm_generator:inst|pwm_count[4]  ; frequency_scaling:inst4|clk_5MHz ; frequency_scaling:inst4|clk_5MHz ; 1.000        ; -0.235     ; 0.930      ;
; -0.177 ; pwm_generator:inst|pwm_count[0]  ; pwm_generator:inst|pwm_count[12] ; frequency_scaling:inst4|clk_5MHz ; frequency_scaling:inst4|clk_5MHz ; 1.000        ; -0.037     ; 1.127      ;
; -0.176 ; pwm_generator:inst|clk_count[12] ; pwm_generator:inst|clk_count[3]  ; frequency_scaling:inst4|clk_5MHz ; frequency_scaling:inst4|clk_5MHz ; 1.000        ; -0.234     ; 0.929      ;
; -0.170 ; pwm_generator:inst|pwm_count[12] ; pwm_generator:inst|pwm_count[10] ; frequency_scaling:inst4|clk_5MHz ; frequency_scaling:inst4|clk_5MHz ; 1.000        ; -0.037     ; 1.120      ;
; -0.170 ; pwm_generator:inst|pwm_count[12] ; pwm_generator:inst|pwm_count[8]  ; frequency_scaling:inst4|clk_5MHz ; frequency_scaling:inst4|clk_5MHz ; 1.000        ; -0.037     ; 1.120      ;
; -0.169 ; pwm_generator:inst|pwm_count[7]  ; pwm_generator:inst|pwm_count[9]  ; frequency_scaling:inst4|clk_5MHz ; frequency_scaling:inst4|clk_5MHz ; 1.000        ; -0.037     ; 1.119      ;
; -0.163 ; pwm_generator:inst|clk_count[7]  ; pwm_generator:inst|clk_count[10] ; frequency_scaling:inst4|clk_5MHz ; frequency_scaling:inst4|clk_5MHz ; 1.000        ; -0.234     ; 0.916      ;
; -0.162 ; pwm_generator:inst|pwm_count[13] ; pwm_generator:inst|pwm_count[10] ; frequency_scaling:inst4|clk_5MHz ; frequency_scaling:inst4|clk_5MHz ; 1.000        ; -0.235     ; 0.914      ;
; -0.162 ; pwm_generator:inst|pwm_count[13] ; pwm_generator:inst|pwm_count[8]  ; frequency_scaling:inst4|clk_5MHz ; frequency_scaling:inst4|clk_5MHz ; 1.000        ; -0.235     ; 0.914      ;
; -0.160 ; pwm_generator:inst|clk_count[0]  ; pwm_generator:inst|clk_count[10] ; frequency_scaling:inst4|clk_5MHz ; frequency_scaling:inst4|clk_5MHz ; 1.000        ; -0.037     ; 1.110      ;
; -0.160 ; pwm_generator:inst|clk_count[13] ; pwm_generator:inst|clk_count[3]  ; frequency_scaling:inst4|clk_5MHz ; frequency_scaling:inst4|clk_5MHz ; 1.000        ; -0.234     ; 0.913      ;
; -0.158 ; pwm_generator:inst|pwm_count[1]  ; pwm_generator:inst|pwm_count[11] ; frequency_scaling:inst4|clk_5MHz ; frequency_scaling:inst4|clk_5MHz ; 1.000        ; -0.037     ; 1.108      ;
; -0.158 ; pwm_generator:inst|clk_count[2]  ; pwm_generator:inst|clk_count[11] ; frequency_scaling:inst4|clk_5MHz ; frequency_scaling:inst4|clk_5MHz ; 1.000        ; -0.037     ; 1.108      ;
; -0.156 ; pwm_generator:inst|clk_count[5]  ; pwm_generator:inst|clk_count[12] ; frequency_scaling:inst4|clk_5MHz ; frequency_scaling:inst4|clk_5MHz ; 1.000        ; 0.152      ; 1.295      ;
; -0.156 ; pwm_generator:inst|clk_count[8]  ; pwm_generator:inst|clk_count[9]  ; frequency_scaling:inst4|clk_5MHz ; frequency_scaling:inst4|clk_5MHz ; 1.000        ; -0.045     ; 1.098      ;
; -0.154 ; pwm_generator:inst|pwm_count[3]  ; pwm_generator:inst|pwm_count[12] ; frequency_scaling:inst4|clk_5MHz ; frequency_scaling:inst4|clk_5MHz ; 1.000        ; -0.037     ; 1.104      ;
; -0.151 ; pwm_generator:inst|pwm_count[4]  ; pwm_generator:inst|pwm_count[8]  ; frequency_scaling:inst4|clk_5MHz ; frequency_scaling:inst4|clk_5MHz ; 1.000        ; -0.037     ; 1.101      ;
; -0.150 ; pwm_generator:inst|clk_count[1]  ; pwm_generator:inst|clk_count[1]  ; frequency_scaling:inst4|clk_5MHz ; frequency_scaling:inst4|clk_5MHz ; 1.000        ; -0.045     ; 1.092      ;
; -0.149 ; pwm_generator:inst|pwm_count[5]  ; pwm_generator:inst|pwm_count[13] ; frequency_scaling:inst4|clk_5MHz ; frequency_scaling:inst4|clk_5MHz ; 1.000        ; 0.153      ; 1.289      ;
; -0.147 ; pwm_generator:inst|pwm_count[0]  ; pwm_generator:inst|pwm_count[11] ; frequency_scaling:inst4|clk_5MHz ; frequency_scaling:inst4|clk_5MHz ; 1.000        ; -0.037     ; 1.097      ;
; -0.144 ; pwm_generator:inst|pwm_count[6]  ; pwm_generator:inst|pwm_count[10] ; frequency_scaling:inst4|clk_5MHz ; frequency_scaling:inst4|clk_5MHz ; 1.000        ; -0.037     ; 1.094      ;
; -0.144 ; pwm_generator:inst|pwm_count[6]  ; pwm_generator:inst|pwm_count[8]  ; frequency_scaling:inst4|clk_5MHz ; frequency_scaling:inst4|clk_5MHz ; 1.000        ; -0.037     ; 1.094      ;
; -0.143 ; pwm_generator:inst|clk_count[9]  ; pwm_generator:inst|clk_count[12] ; frequency_scaling:inst4|clk_5MHz ; frequency_scaling:inst4|clk_5MHz ; 1.000        ; -0.045     ; 1.085      ;
; -0.143 ; pwm_generator:inst|pwm_count[6]  ; pwm_generator:inst|pwm_count[9]  ; frequency_scaling:inst4|clk_5MHz ; frequency_scaling:inst4|clk_5MHz ; 1.000        ; -0.037     ; 1.093      ;
; -0.142 ; pwm_generator:inst|clk_count[0]  ; pwm_generator:inst|clk_count[7]  ; frequency_scaling:inst4|clk_5MHz ; frequency_scaling:inst4|clk_5MHz ; 1.000        ; 0.152      ; 1.281      ;
; -0.141 ; pwm_generator:inst|clk_count[1]  ; pwm_generator:inst|clk_count[6]  ; frequency_scaling:inst4|clk_5MHz ; frequency_scaling:inst4|clk_5MHz ; 1.000        ; -0.234     ; 0.894      ;
; -0.141 ; pwm_generator:inst|pwm_count[9]  ; pwm_generator:inst|pwm_count[9]  ; frequency_scaling:inst4|clk_5MHz ; frequency_scaling:inst4|clk_5MHz ; 1.000        ; -0.037     ; 1.091      ;
; -0.141 ; pwm_generator:inst|pwm_count[7]  ; pwm_generator:inst|pwm_count[10] ; frequency_scaling:inst4|clk_5MHz ; frequency_scaling:inst4|clk_5MHz ; 1.000        ; -0.037     ; 1.091      ;
; -0.141 ; pwm_generator:inst|pwm_count[7]  ; pwm_generator:inst|pwm_count[8]  ; frequency_scaling:inst4|clk_5MHz ; frequency_scaling:inst4|clk_5MHz ; 1.000        ; -0.037     ; 1.091      ;
; -0.140 ; pwm_generator:inst|pwm_count[6]  ; pwm_generator:inst|pwm_count[4]  ; frequency_scaling:inst4|clk_5MHz ; frequency_scaling:inst4|clk_5MHz ; 1.000        ; -0.037     ; 1.090      ;
; -0.138 ; pwm_generator:inst|clk_count[9]  ; pwm_generator:inst|clk_count[9]  ; frequency_scaling:inst4|clk_5MHz ; frequency_scaling:inst4|clk_5MHz ; 1.000        ; -0.045     ; 1.080      ;
; -0.137 ; pwm_generator:inst|pwm_count[2]  ; pwm_generator:inst|pwm_signal    ; frequency_scaling:inst4|clk_5MHz ; frequency_scaling:inst4|clk_5MHz ; 1.000        ; 0.152      ; 1.276      ;
; -0.137 ; pwm_generator:inst|clk_count[10] ; pwm_generator:inst|clk_count[3]  ; frequency_scaling:inst4|clk_5MHz ; frequency_scaling:inst4|clk_5MHz ; 1.000        ; -0.037     ; 1.087      ;
; -0.137 ; pwm_generator:inst|pwm_count[7]  ; pwm_generator:inst|pwm_count[4]  ; frequency_scaling:inst4|clk_5MHz ; frequency_scaling:inst4|clk_5MHz ; 1.000        ; -0.037     ; 1.087      ;
; -0.134 ; pwm_generator:inst|clk_count[0]  ; pwm_generator:inst|clk_count[9]  ; frequency_scaling:inst4|clk_5MHz ; frequency_scaling:inst4|clk_5MHz ; 1.000        ; 0.152      ; 1.273      ;
; -0.133 ; pwm_generator:inst|clk_count[2]  ; pwm_generator:inst|clk_count[8]  ; frequency_scaling:inst4|clk_5MHz ; frequency_scaling:inst4|clk_5MHz ; 1.000        ; 0.152      ; 1.272      ;
+--------+----------------------------------+----------------------------------+----------------------------------+----------------------------------+--------------+------------+------------+


+------------------------------------------------------------------------------------------------------------------------------------------------------------------------+
; Fast 1200mV 0C Model Setup: 'clk_50MHz'                                                                                                                                ;
+--------+----------------------------------+----------------------------------+----------------------------------+-------------+--------------+------------+------------+
; Slack  ; From Node                        ; To Node                          ; Launch Clock                     ; Latch Clock ; Relationship ; Clock Skew ; Data Delay ;
+--------+----------------------------------+----------------------------------+----------------------------------+-------------+--------------+------------+------------+
; -0.347 ; frequency_scaling:inst4|clk_5MHz ; frequency_scaling:inst4|clk_5MHz ; frequency_scaling:inst4|clk_5MHz ; clk_50MHz   ; 0.500        ; 1.209      ; 2.138      ;
; -0.150 ; frequency_scaling:inst4|count[0] ; frequency_scaling:inst4|clk_5MHz ; clk_50MHz                        ; clk_50MHz   ; 1.000        ; -0.037     ; 1.100      ;
; -0.051 ; frequency_scaling:inst4|count[2] ; frequency_scaling:inst4|clk_5MHz ; clk_50MHz                        ; clk_50MHz   ; 1.000        ; -0.037     ; 1.001      ;
; 0.015  ; frequency_scaling:inst4|count[1] ; frequency_scaling:inst4|clk_5MHz ; clk_50MHz                        ; clk_50MHz   ; 1.000        ; -0.037     ; 0.935      ;
; 0.322  ; frequency_scaling:inst4|clk_5MHz ; frequency_scaling:inst4|clk_5MHz ; frequency_scaling:inst4|clk_5MHz ; clk_50MHz   ; 1.000        ; 1.209      ; 1.969      ;
; 0.398  ; frequency_scaling:inst4|count[1] ; frequency_scaling:inst4|count[2] ; clk_50MHz                        ; clk_50MHz   ; 1.000        ; -0.037     ; 0.552      ;
; 0.411  ; frequency_scaling:inst4|count[1] ; frequency_scaling:inst4|count[0] ; clk_50MHz                        ; clk_50MHz   ; 1.000        ; -0.037     ; 0.539      ;
; 0.413  ; frequency_scaling:inst4|count[2] ; frequency_scaling:inst4|count[0] ; clk_50MHz                        ; clk_50MHz   ; 1.000        ; -0.037     ; 0.537      ;
; 0.482  ; frequency_scaling:inst4|count[0] ; frequency_scaling:inst4|count[1] ; clk_50MHz                        ; clk_50MHz   ; 1.000        ; -0.037     ; 0.468      ;
; 0.483  ; frequency_scaling:inst4|count[0] ; frequency_scaling:inst4|count[2] ; clk_50MHz                        ; clk_50MHz   ; 1.000        ; -0.037     ; 0.467      ;
; 0.591  ; frequency_scaling:inst4|count[0] ; frequency_scaling:inst4|count[0] ; clk_50MHz                        ; clk_50MHz   ; 1.000        ; -0.037     ; 0.359      ;
; 0.591  ; frequency_scaling:inst4|count[2] ; frequency_scaling:inst4|count[2] ; clk_50MHz                        ; clk_50MHz   ; 1.000        ; -0.037     ; 0.359      ;
; 0.591  ; frequency_scaling:inst4|count[1] ; frequency_scaling:inst4|count[1] ; clk_50MHz                        ; clk_50MHz   ; 1.000        ; -0.037     ; 0.359      ;
+--------+----------------------------------+----------------------------------+----------------------------------+-------------+--------------+------------+------------+


+--------------------------------------------------------------------------------------------------------------------------------------------------------------------------------------------+
; Fast 1200mV 0C Model Hold: 'frequency_scaling:inst4|clk_5MHz'                                                                                                                              ;
+-------+----------------------------------+----------------------------------+----------------------------------+----------------------------------+--------------+------------+------------+
; Slack ; From Node                        ; To Node                          ; Launch Clock                     ; Latch Clock                      ; Relationship ; Clock Skew ; Data Delay ;
+-------+----------------------------------+----------------------------------+----------------------------------+----------------------------------+--------------+------------+------------+
; 0.178 ; pwm_generator:inst|clk_500Hz     ; pwm_generator:inst|clk_500Hz     ; frequency_scaling:inst4|clk_5MHz ; frequency_scaling:inst4|clk_5MHz ; 0.000        ; 0.045      ; 0.307      ;
; 0.254 ; pwm_generator:inst|clk_count[13] ; pwm_generator:inst|clk_count[13] ; frequency_scaling:inst4|clk_5MHz ; frequency_scaling:inst4|clk_5MHz ; 0.000        ; 0.045      ; 0.383      ;
; 0.303 ; pwm_generator:inst|pwm_count[1]  ; pwm_generator:inst|pwm_count[1]  ; frequency_scaling:inst4|clk_5MHz ; frequency_scaling:inst4|clk_5MHz ; 0.000        ; 0.037      ; 0.424      ;
; 0.304 ; pwm_generator:inst|clk_count[5]  ; pwm_generator:inst|clk_count[5]  ; frequency_scaling:inst4|clk_5MHz ; frequency_scaling:inst4|clk_5MHz ; 0.000        ; 0.037      ; 0.425      ;
; 0.304 ; pwm_generator:inst|clk_count[11] ; pwm_generator:inst|clk_count[11] ; frequency_scaling:inst4|clk_5MHz ; frequency_scaling:inst4|clk_5MHz ; 0.000        ; 0.037      ; 0.425      ;
; 0.304 ; pwm_generator:inst|pwm_count[3]  ; pwm_generator:inst|pwm_count[3]  ; frequency_scaling:inst4|clk_5MHz ; frequency_scaling:inst4|clk_5MHz ; 0.000        ; 0.037      ; 0.425      ;
; 0.305 ; pwm_generator:inst|clk_count[6]  ; pwm_generator:inst|clk_count[6]  ; frequency_scaling:inst4|clk_5MHz ; frequency_scaling:inst4|clk_5MHz ; 0.000        ; 0.037      ; 0.426      ;
; 0.305 ; pwm_generator:inst|pwm_count[5]  ; pwm_generator:inst|pwm_count[5]  ; frequency_scaling:inst4|clk_5MHz ; frequency_scaling:inst4|clk_5MHz ; 0.000        ; 0.037      ; 0.426      ;
; 0.306 ; pwm_generator:inst|clk_count[10] ; pwm_generator:inst|clk_count[10] ; frequency_scaling:inst4|clk_5MHz ; frequency_scaling:inst4|clk_5MHz ; 0.000        ; 0.037      ; 0.427      ;
; 0.306 ; pwm_generator:inst|clk_count[4]  ; pwm_generator:inst|clk_count[4]  ; frequency_scaling:inst4|clk_5MHz ; frequency_scaling:inst4|clk_5MHz ; 0.000        ; 0.037      ; 0.427      ;
; 0.306 ; pwm_generator:inst|pwm_count[6]  ; pwm_generator:inst|pwm_count[6]  ; frequency_scaling:inst4|clk_5MHz ; frequency_scaling:inst4|clk_5MHz ; 0.000        ; 0.037      ; 0.427      ;
; 0.315 ; pwm_generator:inst|pwm_count[11] ; pwm_generator:inst|pwm_count[11] ; frequency_scaling:inst4|clk_5MHz ; frequency_scaling:inst4|clk_5MHz ; 0.000        ; 0.037      ; 0.436      ;
; 0.316 ; pwm_generator:inst|pwm_count[0]  ; pwm_generator:inst|pwm_count[0]  ; frequency_scaling:inst4|clk_5MHz ; frequency_scaling:inst4|clk_5MHz ; 0.000        ; 0.037      ; 0.437      ;
; 0.317 ; pwm_generator:inst|pwm_count[12] ; pwm_generator:inst|pwm_count[12] ; frequency_scaling:inst4|clk_5MHz ; frequency_scaling:inst4|clk_5MHz ; 0.000        ; 0.037      ; 0.438      ;
; 0.317 ; pwm_generator:inst|pwm_count[7]  ; pwm_generator:inst|pwm_count[7]  ; frequency_scaling:inst4|clk_5MHz ; frequency_scaling:inst4|clk_5MHz ; 0.000        ; 0.037      ; 0.438      ;
; 0.317 ; pwm_generator:inst|pwm_count[2]  ; pwm_generator:inst|pwm_count[2]  ; frequency_scaling:inst4|clk_5MHz ; frequency_scaling:inst4|clk_5MHz ; 0.000        ; 0.037      ; 0.438      ;
; 0.319 ; pwm_generator:inst|clk_count[11] ; pwm_generator:inst|clk_count[13] ; frequency_scaling:inst4|clk_5MHz ; frequency_scaling:inst4|clk_5MHz ; 0.000        ; 0.234      ; 0.637      ;
; 0.333 ; pwm_generator:inst|clk_count[10] ; pwm_generator:inst|clk_count[13] ; frequency_scaling:inst4|clk_5MHz ; frequency_scaling:inst4|clk_5MHz ; 0.000        ; 0.234      ; 0.651      ;
; 0.355 ; pwm_generator:inst|pwm_count[12] ; pwm_generator:inst|pwm_signal    ; frequency_scaling:inst4|clk_5MHz ; frequency_scaling:inst4|clk_5MHz ; 0.000        ; 0.234      ; 0.673      ;
; 0.356 ; pwm_generator:inst|pwm_count[9]  ; pwm_generator:inst|pwm_signal    ; frequency_scaling:inst4|clk_5MHz ; frequency_scaling:inst4|clk_5MHz ; 0.000        ; 0.234      ; 0.674      ;
; 0.382 ; pwm_generator:inst|pwm_count[8]  ; pwm_generator:inst|pwm_count[13] ; frequency_scaling:inst4|clk_5MHz ; frequency_scaling:inst4|clk_5MHz ; 0.000        ; 0.235      ; 0.701      ;
; 0.382 ; pwm_generator:inst|pwm_count[13] ; pwm_generator:inst|pwm_signal    ; frequency_scaling:inst4|clk_5MHz ; frequency_scaling:inst4|clk_5MHz ; 0.000        ; 0.044      ; 0.510      ;
; 0.382 ; pwm_generator:inst|pwm_count[11] ; pwm_generator:inst|pwm_signal    ; frequency_scaling:inst4|clk_5MHz ; frequency_scaling:inst4|clk_5MHz ; 0.000        ; 0.234      ; 0.700      ;
; 0.414 ; pwm_generator:inst|clk_count[6]  ; pwm_generator:inst|clk_500Hz     ; frequency_scaling:inst4|clk_5MHz ; frequency_scaling:inst4|clk_5MHz ; 0.000        ; 0.234      ; 0.732      ;
; 0.415 ; pwm_generator:inst|clk_count[6]  ; pwm_generator:inst|clk_count[8]  ; frequency_scaling:inst4|clk_5MHz ; frequency_scaling:inst4|clk_5MHz ; 0.000        ; 0.234      ; 0.733      ;
; 0.417 ; pwm_generator:inst|clk_count[0]  ; pwm_generator:inst|clk_500Hz     ; frequency_scaling:inst4|clk_5MHz ; frequency_scaling:inst4|clk_5MHz ; 0.000        ; 0.234      ; 0.735      ;
; 0.417 ; pwm_generator:inst|clk_count[0]  ; pwm_generator:inst|clk_count[8]  ; frequency_scaling:inst4|clk_5MHz ; frequency_scaling:inst4|clk_5MHz ; 0.000        ; 0.234      ; 0.735      ;
; 0.418 ; pwm_generator:inst|clk_count[6]  ; pwm_generator:inst|clk_count[12] ; frequency_scaling:inst4|clk_5MHz ; frequency_scaling:inst4|clk_5MHz ; 0.000        ; 0.234      ; 0.736      ;
; 0.418 ; pwm_generator:inst|clk_count[6]  ; pwm_generator:inst|clk_count[7]  ; frequency_scaling:inst4|clk_5MHz ; frequency_scaling:inst4|clk_5MHz ; 0.000        ; 0.234      ; 0.736      ;
; 0.425 ; pwm_generator:inst|clk_count[11] ; pwm_generator:inst|clk_count[7]  ; frequency_scaling:inst4|clk_5MHz ; frequency_scaling:inst4|clk_5MHz ; 0.000        ; 0.234      ; 0.743      ;
; 0.425 ; pwm_generator:inst|clk_count[11] ; pwm_generator:inst|clk_count[12] ; frequency_scaling:inst4|clk_5MHz ; frequency_scaling:inst4|clk_5MHz ; 0.000        ; 0.234      ; 0.743      ;
; 0.437 ; pwm_generator:inst|pwm_count[10] ; pwm_generator:inst|pwm_signal    ; frequency_scaling:inst4|clk_5MHz ; frequency_scaling:inst4|clk_5MHz ; 0.000        ; 0.234      ; 0.755      ;
; 0.452 ; pwm_generator:inst|pwm_count[1]  ; pwm_generator:inst|pwm_count[2]  ; frequency_scaling:inst4|clk_5MHz ; frequency_scaling:inst4|clk_5MHz ; 0.000        ; 0.037      ; 0.573      ;
; 0.453 ; pwm_generator:inst|clk_count[5]  ; pwm_generator:inst|clk_count[6]  ; frequency_scaling:inst4|clk_5MHz ; frequency_scaling:inst4|clk_5MHz ; 0.000        ; 0.037      ; 0.574      ;
; 0.454 ; pwm_generator:inst|pwm_count[5]  ; pwm_generator:inst|pwm_count[6]  ; frequency_scaling:inst4|clk_5MHz ; frequency_scaling:inst4|clk_5MHz ; 0.000        ; 0.037      ; 0.575      ;
; 0.455 ; pwm_generator:inst|clk_count[9]  ; pwm_generator:inst|clk_count[9]  ; frequency_scaling:inst4|clk_5MHz ; frequency_scaling:inst4|clk_5MHz ; 0.000        ; 0.045      ; 0.584      ;
; 0.460 ; pwm_generator:inst|clk_count[11] ; pwm_generator:inst|clk_count[9]  ; frequency_scaling:inst4|clk_5MHz ; frequency_scaling:inst4|clk_5MHz ; 0.000        ; 0.234      ; 0.778      ;
; 0.463 ; pwm_generator:inst|pwm_count[0]  ; pwm_generator:inst|pwm_count[1]  ; frequency_scaling:inst4|clk_5MHz ; frequency_scaling:inst4|clk_5MHz ; 0.000        ; 0.037      ; 0.584      ;
; 0.464 ; pwm_generator:inst|clk_count[11] ; pwm_generator:inst|clk_500Hz     ; frequency_scaling:inst4|clk_5MHz ; frequency_scaling:inst4|clk_5MHz ; 0.000        ; 0.234      ; 0.782      ;
; 0.464 ; pwm_generator:inst|clk_count[4]  ; pwm_generator:inst|clk_count[5]  ; frequency_scaling:inst4|clk_5MHz ; frequency_scaling:inst4|clk_5MHz ; 0.000        ; 0.037      ; 0.585      ;
; 0.464 ; pwm_generator:inst|clk_count[10] ; pwm_generator:inst|clk_count[11] ; frequency_scaling:inst4|clk_5MHz ; frequency_scaling:inst4|clk_5MHz ; 0.000        ; 0.037      ; 0.585      ;
; 0.464 ; pwm_generator:inst|pwm_count[11] ; pwm_generator:inst|pwm_count[12] ; frequency_scaling:inst4|clk_5MHz ; frequency_scaling:inst4|clk_5MHz ; 0.000        ; 0.037      ; 0.585      ;
; 0.464 ; pwm_generator:inst|pwm_count[6]  ; pwm_generator:inst|pwm_count[7]  ; frequency_scaling:inst4|clk_5MHz ; frequency_scaling:inst4|clk_5MHz ; 0.000        ; 0.037      ; 0.585      ;
; 0.464 ; pwm_generator:inst|clk_count[6]  ; pwm_generator:inst|clk_count[13] ; frequency_scaling:inst4|clk_5MHz ; frequency_scaling:inst4|clk_5MHz ; 0.000        ; 0.234      ; 0.782      ;
; 0.465 ; pwm_generator:inst|clk_count[11] ; pwm_generator:inst|clk_count[8]  ; frequency_scaling:inst4|clk_5MHz ; frequency_scaling:inst4|clk_5MHz ; 0.000        ; 0.234      ; 0.783      ;
; 0.466 ; pwm_generator:inst|pwm_count[0]  ; pwm_generator:inst|pwm_count[2]  ; frequency_scaling:inst4|clk_5MHz ; frequency_scaling:inst4|clk_5MHz ; 0.000        ; 0.037      ; 0.587      ;
; 0.467 ; pwm_generator:inst|clk_count[4]  ; pwm_generator:inst|clk_count[6]  ; frequency_scaling:inst4|clk_5MHz ; frequency_scaling:inst4|clk_5MHz ; 0.000        ; 0.037      ; 0.588      ;
; 0.472 ; pwm_generator:inst|pwm_count[11] ; pwm_generator:inst|pwm_count[13] ; frequency_scaling:inst4|clk_5MHz ; frequency_scaling:inst4|clk_5MHz ; 0.000        ; 0.235      ; 0.791      ;
; 0.474 ; pwm_generator:inst|pwm_count[8]  ; pwm_generator:inst|pwm_count[8]  ; frequency_scaling:inst4|clk_5MHz ; frequency_scaling:inst4|clk_5MHz ; 0.000        ; 0.037      ; 0.595      ;
; 0.475 ; pwm_generator:inst|pwm_count[10] ; pwm_generator:inst|pwm_count[10] ; frequency_scaling:inst4|clk_5MHz ; frequency_scaling:inst4|clk_5MHz ; 0.000        ; 0.037      ; 0.596      ;
; 0.475 ; pwm_generator:inst|pwm_count[2]  ; pwm_generator:inst|pwm_count[3]  ; frequency_scaling:inst4|clk_5MHz ; frequency_scaling:inst4|clk_5MHz ; 0.000        ; 0.037      ; 0.596      ;
; 0.479 ; pwm_generator:inst|pwm_count[10] ; pwm_generator:inst|pwm_count[11] ; frequency_scaling:inst4|clk_5MHz ; frequency_scaling:inst4|clk_5MHz ; 0.000        ; 0.037      ; 0.600      ;
; 0.482 ; pwm_generator:inst|clk_count[0]  ; pwm_generator:inst|clk_count[9]  ; frequency_scaling:inst4|clk_5MHz ; frequency_scaling:inst4|clk_5MHz ; 0.000        ; 0.234      ; 0.800      ;
; 0.482 ; pwm_generator:inst|pwm_count[10] ; pwm_generator:inst|pwm_count[12] ; frequency_scaling:inst4|clk_5MHz ; frequency_scaling:inst4|clk_5MHz ; 0.000        ; 0.037      ; 0.603      ;
; 0.488 ; pwm_generator:inst|clk_count[6]  ; pwm_generator:inst|clk_count[9]  ; frequency_scaling:inst4|clk_5MHz ; frequency_scaling:inst4|clk_5MHz ; 0.000        ; 0.234      ; 0.806      ;
; 0.489 ; pwm_generator:inst|pwm_count[8]  ; pwm_generator:inst|pwm_signal    ; frequency_scaling:inst4|clk_5MHz ; frequency_scaling:inst4|clk_5MHz ; 0.000        ; 0.234      ; 0.807      ;
; 0.489 ; pwm_generator:inst|pwm_count[13] ; pwm_generator:inst|pwm_count[13] ; frequency_scaling:inst4|clk_5MHz ; frequency_scaling:inst4|clk_5MHz ; 0.000        ; 0.045      ; 0.618      ;
; 0.492 ; pwm_generator:inst|pwm_count[12] ; pwm_generator:inst|pwm_count[13] ; frequency_scaling:inst4|clk_5MHz ; frequency_scaling:inst4|clk_5MHz ; 0.000        ; 0.235      ; 0.811      ;
; 0.495 ; pwm_generator:inst|pwm_count[10] ; pwm_generator:inst|pwm_count[13] ; frequency_scaling:inst4|clk_5MHz ; frequency_scaling:inst4|clk_5MHz ; 0.000        ; 0.235      ; 0.814      ;
; 0.503 ; pwm_generator:inst|clk_count[10] ; pwm_generator:inst|clk_count[12] ; frequency_scaling:inst4|clk_5MHz ; frequency_scaling:inst4|clk_5MHz ; 0.000        ; 0.234      ; 0.821      ;
; 0.510 ; pwm_generator:inst|pwm_count[6]  ; pwm_generator:inst|pwm_count[13] ; frequency_scaling:inst4|clk_5MHz ; frequency_scaling:inst4|clk_5MHz ; 0.000        ; 0.235      ; 0.829      ;
; 0.515 ; pwm_generator:inst|pwm_count[1]  ; pwm_generator:inst|pwm_count[3]  ; frequency_scaling:inst4|clk_5MHz ; frequency_scaling:inst4|clk_5MHz ; 0.000        ; 0.037      ; 0.636      ;
; 0.515 ; pwm_generator:inst|pwm_count[7]  ; pwm_generator:inst|pwm_signal    ; frequency_scaling:inst4|clk_5MHz ; frequency_scaling:inst4|clk_5MHz ; 0.000        ; 0.234      ; 0.833      ;
; 0.516 ; pwm_generator:inst|pwm_count[3]  ; pwm_generator:inst|pwm_count[5]  ; frequency_scaling:inst4|clk_5MHz ; frequency_scaling:inst4|clk_5MHz ; 0.000        ; 0.037      ; 0.637      ;
; 0.517 ; pwm_generator:inst|clk_count[12] ; pwm_generator:inst|clk_count[13] ; frequency_scaling:inst4|clk_5MHz ; frequency_scaling:inst4|clk_5MHz ; 0.000        ; 0.045      ; 0.646      ;
; 0.517 ; pwm_generator:inst|pwm_count[7]  ; pwm_generator:inst|pwm_count[13] ; frequency_scaling:inst4|clk_5MHz ; frequency_scaling:inst4|clk_5MHz ; 0.000        ; 0.235      ; 0.836      ;
; 0.517 ; pwm_generator:inst|pwm_count[5]  ; pwm_generator:inst|pwm_count[7]  ; frequency_scaling:inst4|clk_5MHz ; frequency_scaling:inst4|clk_5MHz ; 0.000        ; 0.037      ; 0.638      ;
; 0.517 ; pwm_generator:inst|clk_count[5]  ; pwm_generator:inst|clk_count[13] ; frequency_scaling:inst4|clk_5MHz ; frequency_scaling:inst4|clk_5MHz ; 0.000        ; 0.234      ; 0.835      ;
; 0.519 ; pwm_generator:inst|clk_count[2]  ; pwm_generator:inst|clk_count[4]  ; frequency_scaling:inst4|clk_5MHz ; frequency_scaling:inst4|clk_5MHz ; 0.000        ; 0.037      ; 0.640      ;
; 0.519 ; pwm_generator:inst|pwm_count[3]  ; pwm_generator:inst|pwm_count[6]  ; frequency_scaling:inst4|clk_5MHz ; frequency_scaling:inst4|clk_5MHz ; 0.000        ; 0.037      ; 0.640      ;
; 0.520 ; pwm_generator:inst|clk_count[2]  ; pwm_generator:inst|clk_count[2]  ; frequency_scaling:inst4|clk_5MHz ; frequency_scaling:inst4|clk_5MHz ; 0.000        ; 0.037      ; 0.641      ;
; 0.520 ; pwm_generator:inst|clk_count[5]  ; pwm_generator:inst|clk_500Hz     ; frequency_scaling:inst4|clk_5MHz ; frequency_scaling:inst4|clk_5MHz ; 0.000        ; 0.234      ; 0.838      ;
; 0.520 ; pwm_generator:inst|clk_count[5]  ; pwm_generator:inst|clk_count[8]  ; frequency_scaling:inst4|clk_5MHz ; frequency_scaling:inst4|clk_5MHz ; 0.000        ; 0.234      ; 0.838      ;
; 0.522 ; pwm_generator:inst|clk_count[2]  ; pwm_generator:inst|clk_count[5]  ; frequency_scaling:inst4|clk_5MHz ; frequency_scaling:inst4|clk_5MHz ; 0.000        ; 0.037      ; 0.643      ;
; 0.526 ; pwm_generator:inst|clk_count[9]  ; pwm_generator:inst|clk_count[13] ; frequency_scaling:inst4|clk_5MHz ; frequency_scaling:inst4|clk_5MHz ; 0.000        ; 0.045      ; 0.655      ;
; 0.527 ; pwm_generator:inst|clk_count[0]  ; pwm_generator:inst|clk_count[12] ; frequency_scaling:inst4|clk_5MHz ; frequency_scaling:inst4|clk_5MHz ; 0.000        ; 0.234      ; 0.845      ;
; 0.527 ; pwm_generator:inst|clk_count[0]  ; pwm_generator:inst|clk_count[7]  ; frequency_scaling:inst4|clk_5MHz ; frequency_scaling:inst4|clk_5MHz ; 0.000        ; 0.234      ; 0.845      ;
; 0.529 ; pwm_generator:inst|pwm_count[0]  ; pwm_generator:inst|pwm_count[3]  ; frequency_scaling:inst4|clk_5MHz ; frequency_scaling:inst4|clk_5MHz ; 0.000        ; 0.037      ; 0.650      ;
; 0.530 ; pwm_generator:inst|pwm_count[4]  ; pwm_generator:inst|pwm_count[5]  ; frequency_scaling:inst4|clk_5MHz ; frequency_scaling:inst4|clk_5MHz ; 0.000        ; 0.037      ; 0.651      ;
; 0.531 ; pwm_generator:inst|clk_count[4]  ; pwm_generator:inst|clk_count[13] ; frequency_scaling:inst4|clk_5MHz ; frequency_scaling:inst4|clk_5MHz ; 0.000        ; 0.234      ; 0.849      ;
; 0.532 ; pwm_generator:inst|clk_count[6]  ; pwm_generator:inst|clk_count[10] ; frequency_scaling:inst4|clk_5MHz ; frequency_scaling:inst4|clk_5MHz ; 0.000        ; 0.037      ; 0.653      ;
; 0.533 ; pwm_generator:inst|pwm_count[4]  ; pwm_generator:inst|pwm_count[6]  ; frequency_scaling:inst4|clk_5MHz ; frequency_scaling:inst4|clk_5MHz ; 0.000        ; 0.037      ; 0.654      ;
; 0.535 ; pwm_generator:inst|pwm_count[9]  ; pwm_generator:inst|pwm_count[13] ; frequency_scaling:inst4|clk_5MHz ; frequency_scaling:inst4|clk_5MHz ; 0.000        ; 0.235      ; 0.854      ;
; 0.537 ; pwm_generator:inst|clk_count[3]  ; pwm_generator:inst|clk_count[4]  ; frequency_scaling:inst4|clk_5MHz ; frequency_scaling:inst4|clk_5MHz ; 0.000        ; 0.037      ; 0.658      ;
; 0.541 ; pwm_generator:inst|clk_count[5]  ; pwm_generator:inst|clk_count[9]  ; frequency_scaling:inst4|clk_5MHz ; frequency_scaling:inst4|clk_5MHz ; 0.000        ; 0.234      ; 0.859      ;
; 0.541 ; pwm_generator:inst|pwm_count[2]  ; pwm_generator:inst|pwm_count[5]  ; frequency_scaling:inst4|clk_5MHz ; frequency_scaling:inst4|clk_5MHz ; 0.000        ; 0.037      ; 0.662      ;
; 0.543 ; pwm_generator:inst|clk_count[5]  ; pwm_generator:inst|clk_count[7]  ; frequency_scaling:inst4|clk_5MHz ; frequency_scaling:inst4|clk_5MHz ; 0.000        ; 0.234      ; 0.861      ;
; 0.544 ; pwm_generator:inst|pwm_count[8]  ; pwm_generator:inst|pwm_count[11] ; frequency_scaling:inst4|clk_5MHz ; frequency_scaling:inst4|clk_5MHz ; 0.000        ; 0.037      ; 0.665      ;
; 0.544 ; pwm_generator:inst|pwm_count[4]  ; pwm_generator:inst|pwm_signal    ; frequency_scaling:inst4|clk_5MHz ; frequency_scaling:inst4|clk_5MHz ; 0.000        ; 0.234      ; 0.862      ;
; 0.544 ; pwm_generator:inst|pwm_count[2]  ; pwm_generator:inst|pwm_count[6]  ; frequency_scaling:inst4|clk_5MHz ; frequency_scaling:inst4|clk_5MHz ; 0.000        ; 0.037      ; 0.665      ;
; 0.546 ; pwm_generator:inst|pwm_count[1]  ; pwm_generator:inst|pwm_count[4]  ; frequency_scaling:inst4|clk_5MHz ; frequency_scaling:inst4|clk_5MHz ; 0.000        ; 0.037      ; 0.667      ;
; 0.547 ; pwm_generator:inst|pwm_count[8]  ; pwm_generator:inst|pwm_count[12] ; frequency_scaling:inst4|clk_5MHz ; frequency_scaling:inst4|clk_5MHz ; 0.000        ; 0.037      ; 0.668      ;
; 0.555 ; pwm_generator:inst|clk_count[4]  ; pwm_generator:inst|clk_count[9]  ; frequency_scaling:inst4|clk_5MHz ; frequency_scaling:inst4|clk_5MHz ; 0.000        ; 0.234      ; 0.873      ;
; 0.557 ; pwm_generator:inst|clk_count[4]  ; pwm_generator:inst|clk_count[7]  ; frequency_scaling:inst4|clk_5MHz ; frequency_scaling:inst4|clk_5MHz ; 0.000        ; 0.234      ; 0.875      ;
; 0.569 ; pwm_generator:inst|pwm_count[1]  ; pwm_generator:inst|pwm_count[13] ; frequency_scaling:inst4|clk_5MHz ; frequency_scaling:inst4|clk_5MHz ; 0.000        ; 0.235      ; 0.888      ;
; 0.571 ; pwm_generator:inst|clk_count[7]  ; pwm_generator:inst|clk_500Hz     ; frequency_scaling:inst4|clk_5MHz ; frequency_scaling:inst4|clk_5MHz ; 0.000        ; 0.045      ; 0.700      ;
; 0.572 ; pwm_generator:inst|clk_count[7]  ; pwm_generator:inst|clk_count[8]  ; frequency_scaling:inst4|clk_5MHz ; frequency_scaling:inst4|clk_5MHz ; 0.000        ; 0.045      ; 0.701      ;
; 0.575 ; pwm_generator:inst|clk_count[7]  ; pwm_generator:inst|clk_count[12] ; frequency_scaling:inst4|clk_5MHz ; frequency_scaling:inst4|clk_5MHz ; 0.000        ; 0.045      ; 0.704      ;
; 0.575 ; pwm_generator:inst|clk_count[7]  ; pwm_generator:inst|clk_count[7]  ; frequency_scaling:inst4|clk_5MHz ; frequency_scaling:inst4|clk_5MHz ; 0.000        ; 0.045      ; 0.704      ;
; 0.575 ; pwm_generator:inst|pwm_count[5]  ; pwm_generator:inst|pwm_signal    ; frequency_scaling:inst4|clk_5MHz ; frequency_scaling:inst4|clk_5MHz ; 0.000        ; 0.234      ; 0.893      ;
+-------+----------------------------------+----------------------------------+----------------------------------+----------------------------------+--------------+------------+------------+


+-----------------------------------------------------------------------------------------------------------------------------------------------------------------------+
; Fast 1200mV 0C Model Hold: 'clk_50MHz'                                                                                                                                ;
+-------+----------------------------------+----------------------------------+----------------------------------+-------------+--------------+------------+------------+
; Slack ; From Node                        ; To Node                          ; Launch Clock                     ; Latch Clock ; Relationship ; Clock Skew ; Data Delay ;
+-------+----------------------------------+----------------------------------+----------------------------------+-------------+--------------+------------+------------+
; 0.186 ; frequency_scaling:inst4|count[1] ; frequency_scaling:inst4|count[1] ; clk_50MHz                        ; clk_50MHz   ; 0.000        ; 0.037      ; 0.307      ;
; 0.186 ; frequency_scaling:inst4|count[2] ; frequency_scaling:inst4|count[2] ; clk_50MHz                        ; clk_50MHz   ; 0.000        ; 0.037      ; 0.307      ;
; 0.193 ; frequency_scaling:inst4|count[0] ; frequency_scaling:inst4|count[0] ; clk_50MHz                        ; clk_50MHz   ; 0.000        ; 0.037      ; 0.314      ;
; 0.272 ; frequency_scaling:inst4|clk_5MHz ; frequency_scaling:inst4|clk_5MHz ; frequency_scaling:inst4|clk_5MHz ; clk_50MHz   ; 0.000        ; 1.261      ; 1.752      ;
; 0.274 ; frequency_scaling:inst4|count[0] ; frequency_scaling:inst4|count[2] ; clk_50MHz                        ; clk_50MHz   ; 0.000        ; 0.037      ; 0.395      ;
; 0.275 ; frequency_scaling:inst4|count[0] ; frequency_scaling:inst4|count[1] ; clk_50MHz                        ; clk_50MHz   ; 0.000        ; 0.037      ; 0.396      ;
; 0.304 ; frequency_scaling:inst4|count[1] ; frequency_scaling:inst4|count[2] ; clk_50MHz                        ; clk_50MHz   ; 0.000        ; 0.037      ; 0.425      ;
; 0.305 ; frequency_scaling:inst4|count[2] ; frequency_scaling:inst4|count[0] ; clk_50MHz                        ; clk_50MHz   ; 0.000        ; 0.037      ; 0.426      ;
; 0.310 ; frequency_scaling:inst4|count[1] ; frequency_scaling:inst4|count[0] ; clk_50MHz                        ; clk_50MHz   ; 0.000        ; 0.037      ; 0.431      ;
; 0.637 ; frequency_scaling:inst4|count[1] ; frequency_scaling:inst4|clk_5MHz ; clk_50MHz                        ; clk_50MHz   ; 0.000        ; 0.037      ; 0.758      ;
; 0.692 ; frequency_scaling:inst4|count[2] ; frequency_scaling:inst4|clk_5MHz ; clk_50MHz                        ; clk_50MHz   ; 0.000        ; 0.037      ; 0.813      ;
; 0.768 ; frequency_scaling:inst4|count[0] ; frequency_scaling:inst4|clk_5MHz ; clk_50MHz                        ; clk_50MHz   ; 0.000        ; 0.037      ; 0.889      ;
; 0.959 ; frequency_scaling:inst4|clk_5MHz ; frequency_scaling:inst4|clk_5MHz ; frequency_scaling:inst4|clk_5MHz ; clk_50MHz   ; -0.500       ; 1.261      ; 1.939      ;
+-------+----------------------------------+----------------------------------+----------------------------------+-------------+--------------+------------+------------+


----------------------------------------------
; Fast 1200mV 0C Model Metastability Summary ;
----------------------------------------------
No synchronizer chains to report.


+------------------------------------------------------------------------------------------------+
; Multicorner Timing Analysis Summary                                                            ;
+-----------------------------------+---------+-------+----------+---------+---------------------+
; Clock                             ; Setup   ; Hold  ; Recovery ; Removal ; Minimum Pulse Width ;
+-----------------------------------+---------+-------+----------+---------+---------------------+
; Worst-case Slack                  ; -1.533  ; 0.178 ; N/A      ; N/A     ; -3.000              ;
;  clk_50MHz                        ; -1.031  ; 0.186 ; N/A      ; N/A     ; -3.000              ;
;  frequency_scaling:inst4|clk_5MHz ; -1.533  ; 0.178 ; N/A      ; N/A     ; -1.000              ;
; Design-wide TNS                   ; -32.428 ; 0.0   ; 0.0      ; 0.0     ; -37.224             ;
;  clk_50MHz                        ; -1.155  ; 0.000 ; N/A      ; N/A     ; -7.224              ;
;  frequency_scaling:inst4|clk_5MHz ; -31.273 ; 0.000 ; N/A      ; N/A     ; -30.000             ;
+-----------------------------------+---------+-------+----------+---------+---------------------+


+------------------------------------------------------------------------------------------------------------------------------------------------------------------------------------------------------------------------------------------------------------------------------------------------------------------------------------------------------------------------------------------------------------------+
; Board Trace Model Assignments                                                                                                                                                                                                                                                                                                                                                                                    ;
+---------------+--------------+-------------------+-------------------------+-------------------------+---------------+---------------------+----------------+------------------+--------+------------------+------------------------+------------------------+--------------+---------------+-----------------+-------+---------------------+--------------------+---------------+-----------------+-------------+
; Pin           ; I/O Standard ; Near Tline Length ; Near Tline L per Length ; Near Tline C per Length ; Near Series R ; Near Differential R ; Near Pull-up R ; Near Pull-down R ; Near C ; Far Tline Length ; Far Tline L per Length ; Far Tline C per Length ; Far Series R ; Far Pull-up R ; Far Pull-down R ; Far C ; Termination Voltage ; Far Differential R ; EBD File Name ; EBD Signal Name ; EBD Far-end ;
+---------------+--------------+-------------------+-------------------------+-------------------------+---------------+---------------------+----------------+------------------+--------+------------------+------------------------+------------------------+--------------+---------------+-----------------+-------+---------------------+--------------------+---------------+-----------------+-------------+
; pwm_signal    ; 2.5 V        ; 0 in              ; 0 H/in                  ; 0 F/in                  ; short         ; -                   ; open           ; open             ; open   ; 0 in             ; 0 H/in                 ; 0 F/in                 ; short        ; open          ; open            ; open  ; 0 V                 ; -                  ; n/a           ; n/a             ; n/a         ;
; clk_500Hz     ; 2.5 V        ; 0 in              ; 0 H/in                  ; 0 F/in                  ; short         ; -                   ; open           ; open             ; open   ; 0 in             ; 0 H/in                 ; 0 F/in                 ; short        ; open          ; open            ; open  ; 0 V                 ; -                  ; n/a           ; n/a             ; n/a         ;
; clk_5MHz      ; 2.5 V        ; 0 in              ; 0 H/in                  ; 0 F/in                  ; short         ; -                   ; open           ; open             ; open   ; 0 in             ; 0 H/in                 ; 0 F/in                 ; short        ; open          ; open            ; open  ; 0 V                 ; -                  ; n/a           ; n/a             ; n/a         ;
; ~ALTERA_DCLK~ ; 2.5 V        ; 0 in              ; 0 H/in                  ; 0 F/in                  ; short         ; -                   ; open           ; open             ; open   ; 0 in             ; 0 H/in                 ; 0 F/in                 ; short        ; open          ; open            ; open  ; 0 V                 ; -                  ; n/a           ; n/a             ; n/a         ;
; ~ALTERA_nCEO~ ; 2.5 V        ; 0 in              ; 0 H/in                  ; 0 F/in                  ; short         ; -                   ; open           ; open             ; open   ; 0 in             ; 0 H/in                 ; 0 F/in                 ; short        ; open          ; open            ; open  ; 0 V                 ; -                  ; n/a           ; n/a             ; n/a         ;
+---------------+--------------+-------------------+-------------------------+-------------------------+---------------+---------------------+----------------+------------------+--------+------------------+------------------------+------------------------+--------------+---------------+-----------------+-------+---------------------+--------------------+---------------+-----------------+-------------+


+----------------------------------------------------------------------------+
; Input Transition Times                                                     ;
+-------------------------+--------------+-----------------+-----------------+
; Pin                     ; I/O Standard ; 10-90 Rise Time ; 90-10 Fall Time ;
+-------------------------+--------------+-----------------+-----------------+
; pulse_width[3]          ; 2.5 V        ; 2000 ps         ; 2000 ps         ;
; pulse_width[2]          ; 2.5 V        ; 2000 ps         ; 2000 ps         ;
; pulse_width[1]          ; 2.5 V        ; 2000 ps         ; 2000 ps         ;
; pulse_width[0]          ; 2.5 V        ; 2000 ps         ; 2000 ps         ;
; pulse_width[4]          ; 2.5 V        ; 2000 ps         ; 2000 ps         ;
; reset_n                 ; 2.5 V        ; 2000 ps         ; 2000 ps         ;
; clk_50MHz               ; 2.5 V        ; 2000 ps         ; 2000 ps         ;
; ~ALTERA_ASDO_DATA1~     ; 2.5 V        ; 2000 ps         ; 2000 ps         ;
; ~ALTERA_FLASH_nCE_nCSO~ ; 2.5 V        ; 2000 ps         ; 2000 ps         ;
; ~ALTERA_DATA0~          ; 2.5 V        ; 2000 ps         ; 2000 ps         ;
+-------------------------+--------------+-----------------+-----------------+


+--------------------------------------------------------------------------------------------------------------------------------------------------------------------------------------------------------------------------------------------------------------------------------------------------------------------------------------------------------------------------------------------------------------------------------------------------------------------------------------------------------------------------------------------------------------------------------------------------------------------------------------------------------------------------------------------+
; Signal Integrity Metrics (Slow 1200mv 0c Model)                                                                                                                                                                                                                                                                                                                                                                                                                                                                                                                                                                                                                                            ;
+---------------+--------------+---------------------+---------------------+------------------------------+------------------------------+---------------------+---------------------+--------------------------------------+--------------------------------------+-----------------------------+-----------------------------+----------------------------+----------------------------+-----------------------------+-----------------------------+--------------------+--------------------+-------------------------------------+-------------------------------------+----------------------------+----------------------------+---------------------------+---------------------------+
; Pin           ; I/O Standard ; Board Delay on Rise ; Board Delay on Fall ; Steady State Voh at FPGA Pin ; Steady State Vol at FPGA Pin ; Voh Max at FPGA Pin ; Vol Min at FPGA Pin ; Ringback Voltage on Rise at FPGA Pin ; Ringback Voltage on Fall at FPGA Pin ; 10-90 Rise Time at FPGA Pin ; 90-10 Fall Time at FPGA Pin ; Monotonic Rise at FPGA Pin ; Monotonic Fall at FPGA Pin ; Steady State Voh at Far-end ; Steady State Vol at Far-end ; Voh Max at Far-end ; Vol Min at Far-end ; Ringback Voltage on Rise at Far-end ; Ringback Voltage on Fall at Far-end ; 10-90 Rise Time at Far-end ; 90-10 Fall Time at Far-end ; Monotonic Rise at Far-end ; Monotonic Fall at Far-end ;
+---------------+--------------+---------------------+---------------------+------------------------------+------------------------------+---------------------+---------------------+--------------------------------------+--------------------------------------+-----------------------------+-----------------------------+----------------------------+----------------------------+-----------------------------+-----------------------------+--------------------+--------------------+-------------------------------------+-------------------------------------+----------------------------+----------------------------+---------------------------+---------------------------+
; pwm_signal    ; 2.5 V        ; 0 s                 ; 0 s                 ; 2.32 V                       ; 5.95e-09 V                   ; 2.38 V              ; -0.016 V            ; 0.22 V                               ; 0.025 V                              ; 3.06e-10 s                  ; 3.3e-10 s                   ; Yes                        ; Yes                        ; 2.32 V                      ; 5.95e-09 V                  ; 2.38 V             ; -0.016 V           ; 0.22 V                              ; 0.025 V                             ; 3.06e-10 s                 ; 3.3e-10 s                  ; Yes                       ; Yes                       ;
; clk_500Hz     ; 2.5 V        ; 0 s                 ; 0 s                 ; 2.32 V                       ; 4.44e-09 V                   ; 2.39 V              ; -0.0265 V           ; 0.2 V                                ; 0.033 V                              ; 2.94e-10 s                  ; 3.12e-10 s                  ; Yes                        ; Yes                        ; 2.32 V                      ; 4.44e-09 V                  ; 2.39 V             ; -0.0265 V          ; 0.2 V                               ; 0.033 V                             ; 2.94e-10 s                 ; 3.12e-10 s                 ; Yes                       ; Yes                       ;
; clk_5MHz      ; 2.5 V        ; 0 s                 ; 0 s                 ; 2.32 V                       ; 5.95e-09 V                   ; 2.38 V              ; -0.016 V            ; 0.22 V                               ; 0.025 V                              ; 3.06e-10 s                  ; 3.3e-10 s                   ; Yes                        ; Yes                        ; 2.32 V                      ; 5.95e-09 V                  ; 2.38 V             ; -0.016 V           ; 0.22 V                              ; 0.025 V                             ; 3.06e-10 s                 ; 3.3e-10 s                  ; Yes                       ; Yes                       ;
; ~ALTERA_DCLK~ ; 2.5 V        ; 0 s                 ; 0 s                 ; 2.32 V                       ; 3.45e-09 V                   ; 2.38 V              ; -0.0609 V           ; 0.148 V                              ; 0.095 V                              ; 2.82e-10 s                  ; 2.59e-10 s                  ; Yes                        ; Yes                        ; 2.32 V                      ; 3.45e-09 V                  ; 2.38 V             ; -0.0609 V          ; 0.148 V                             ; 0.095 V                             ; 2.82e-10 s                 ; 2.59e-10 s                 ; Yes                       ; Yes                       ;
; ~ALTERA_nCEO~ ; 2.5 V        ; 0 s                 ; 0 s                 ; 2.32 V                       ; 5.61e-09 V                   ; 2.38 V              ; -0.00274 V          ; 0.141 V                              ; 0.006 V                              ; 4.7e-10 s                   ; 6.02e-10 s                  ; Yes                        ; Yes                        ; 2.32 V                      ; 5.61e-09 V                  ; 2.38 V             ; -0.00274 V         ; 0.141 V                             ; 0.006 V                             ; 4.7e-10 s                  ; 6.02e-10 s                 ; Yes                       ; Yes                       ;
+---------------+--------------+---------------------+---------------------+------------------------------+------------------------------+---------------------+---------------------+--------------------------------------+--------------------------------------+-----------------------------+-----------------------------+----------------------------+----------------------------+-----------------------------+-----------------------------+--------------------+--------------------+-------------------------------------+-------------------------------------+----------------------------+----------------------------+---------------------------+---------------------------+


+--------------------------------------------------------------------------------------------------------------------------------------------------------------------------------------------------------------------------------------------------------------------------------------------------------------------------------------------------------------------------------------------------------------------------------------------------------------------------------------------------------------------------------------------------------------------------------------------------------------------------------------------------------------------------------------------+
; Signal Integrity Metrics (Slow 1200mv 85c Model)                                                                                                                                                                                                                                                                                                                                                                                                                                                                                                                                                                                                                                           ;
+---------------+--------------+---------------------+---------------------+------------------------------+------------------------------+---------------------+---------------------+--------------------------------------+--------------------------------------+-----------------------------+-----------------------------+----------------------------+----------------------------+-----------------------------+-----------------------------+--------------------+--------------------+-------------------------------------+-------------------------------------+----------------------------+----------------------------+---------------------------+---------------------------+
; Pin           ; I/O Standard ; Board Delay on Rise ; Board Delay on Fall ; Steady State Voh at FPGA Pin ; Steady State Vol at FPGA Pin ; Voh Max at FPGA Pin ; Vol Min at FPGA Pin ; Ringback Voltage on Rise at FPGA Pin ; Ringback Voltage on Fall at FPGA Pin ; 10-90 Rise Time at FPGA Pin ; 90-10 Fall Time at FPGA Pin ; Monotonic Rise at FPGA Pin ; Monotonic Fall at FPGA Pin ; Steady State Voh at Far-end ; Steady State Vol at Far-end ; Voh Max at Far-end ; Vol Min at Far-end ; Ringback Voltage on Rise at Far-end ; Ringback Voltage on Fall at Far-end ; 10-90 Rise Time at Far-end ; 90-10 Fall Time at Far-end ; Monotonic Rise at Far-end ; Monotonic Fall at Far-end ;
+---------------+--------------+---------------------+---------------------+------------------------------+------------------------------+---------------------+---------------------+--------------------------------------+--------------------------------------+-----------------------------+-----------------------------+----------------------------+----------------------------+-----------------------------+-----------------------------+--------------------+--------------------+-------------------------------------+-------------------------------------+----------------------------+----------------------------+---------------------------+---------------------------+
; pwm_signal    ; 2.5 V        ; 0 s                 ; 0 s                 ; 2.32 V                       ; 1.06e-06 V                   ; 2.36 V              ; -0.00724 V          ; 0.107 V                              ; 0.02 V                               ; 4.5e-10 s                   ; 4.25e-10 s                  ; Yes                        ; Yes                        ; 2.32 V                      ; 1.06e-06 V                  ; 2.36 V             ; -0.00724 V         ; 0.107 V                             ; 0.02 V                              ; 4.5e-10 s                  ; 4.25e-10 s                 ; Yes                       ; Yes                       ;
; clk_500Hz     ; 2.5 V        ; 0 s                 ; 0 s                 ; 2.32 V                       ; 7.16e-07 V                   ; 2.36 V              ; -0.00476 V          ; 0.096 V                              ; 0.013 V                              ; 4.39e-10 s                  ; 4.15e-10 s                  ; Yes                        ; Yes                        ; 2.32 V                      ; 7.16e-07 V                  ; 2.36 V             ; -0.00476 V         ; 0.096 V                             ; 0.013 V                             ; 4.39e-10 s                 ; 4.15e-10 s                 ; Yes                       ; Yes                       ;
; clk_5MHz      ; 2.5 V        ; 0 s                 ; 0 s                 ; 2.32 V                       ; 1.06e-06 V                   ; 2.36 V              ; -0.00724 V          ; 0.107 V                              ; 0.02 V                               ; 4.5e-10 s                   ; 4.25e-10 s                  ; Yes                        ; Yes                        ; 2.32 V                      ; 1.06e-06 V                  ; 2.36 V             ; -0.00724 V         ; 0.107 V                             ; 0.02 V                              ; 4.5e-10 s                  ; 4.25e-10 s                 ; Yes                       ; Yes                       ;
; ~ALTERA_DCLK~ ; 2.5 V        ; 0 s                 ; 0 s                 ; 2.32 V                       ; 5.74e-07 V                   ; 2.36 V              ; -0.0201 V           ; 0.072 V                              ; 0.033 V                              ; 4.04e-10 s                  ; 3.29e-10 s                  ; Yes                        ; Yes                        ; 2.32 V                      ; 5.74e-07 V                  ; 2.36 V             ; -0.0201 V          ; 0.072 V                             ; 0.033 V                             ; 4.04e-10 s                 ; 3.29e-10 s                 ; Yes                       ; Yes                       ;
; ~ALTERA_nCEO~ ; 2.5 V        ; 0 s                 ; 0 s                 ; 2.32 V                       ; 9.45e-07 V                   ; 2.35 V              ; -0.00643 V          ; 0.081 V                              ; 0.031 V                              ; 5.31e-10 s                  ; 7.59e-10 s                  ; Yes                        ; Yes                        ; 2.32 V                      ; 9.45e-07 V                  ; 2.35 V             ; -0.00643 V         ; 0.081 V                             ; 0.031 V                             ; 5.31e-10 s                 ; 7.59e-10 s                 ; Yes                       ; Yes                       ;
+---------------+--------------+---------------------+---------------------+------------------------------+------------------------------+---------------------+---------------------+--------------------------------------+--------------------------------------+-----------------------------+-----------------------------+----------------------------+----------------------------+-----------------------------+-----------------------------+--------------------+--------------------+-------------------------------------+-------------------------------------+----------------------------+----------------------------+---------------------------+---------------------------+


+--------------------------------------------------------------------------------------------------------------------------------------------------------------------------------------------------------------------------------------------------------------------------------------------------------------------------------------------------------------------------------------------------------------------------------------------------------------------------------------------------------------------------------------------------------------------------------------------------------------------------------------------------------------------------------------------+
; Signal Integrity Metrics (Fast 1200mv 0c Model)                                                                                                                                                                                                                                                                                                                                                                                                                                                                                                                                                                                                                                            ;
+---------------+--------------+---------------------+---------------------+------------------------------+------------------------------+---------------------+---------------------+--------------------------------------+--------------------------------------+-----------------------------+-----------------------------+----------------------------+----------------------------+-----------------------------+-----------------------------+--------------------+--------------------+-------------------------------------+-------------------------------------+----------------------------+----------------------------+---------------------------+---------------------------+
; Pin           ; I/O Standard ; Board Delay on Rise ; Board Delay on Fall ; Steady State Voh at FPGA Pin ; Steady State Vol at FPGA Pin ; Voh Max at FPGA Pin ; Vol Min at FPGA Pin ; Ringback Voltage on Rise at FPGA Pin ; Ringback Voltage on Fall at FPGA Pin ; 10-90 Rise Time at FPGA Pin ; 90-10 Fall Time at FPGA Pin ; Monotonic Rise at FPGA Pin ; Monotonic Fall at FPGA Pin ; Steady State Voh at Far-end ; Steady State Vol at Far-end ; Voh Max at Far-end ; Vol Min at Far-end ; Ringback Voltage on Rise at Far-end ; Ringback Voltage on Fall at Far-end ; 10-90 Rise Time at Far-end ; 90-10 Fall Time at Far-end ; Monotonic Rise at Far-end ; Monotonic Fall at Far-end ;
+---------------+--------------+---------------------+---------------------+------------------------------+------------------------------+---------------------+---------------------+--------------------------------------+--------------------------------------+-----------------------------+-----------------------------+----------------------------+----------------------------+-----------------------------+-----------------------------+--------------------+--------------------+-------------------------------------+-------------------------------------+----------------------------+----------------------------+---------------------------+---------------------------+
; pwm_signal    ; 2.5 V        ; 0 s                 ; 0 s                 ; 2.62 V                       ; 4.05e-08 V                   ; 2.72 V              ; -0.0349 V           ; 0.173 V                              ; 0.1 V                                ; 2.72e-10 s                  ; 2.69e-10 s                  ; Yes                        ; Yes                        ; 2.62 V                      ; 4.05e-08 V                  ; 2.72 V             ; -0.0349 V          ; 0.173 V                             ; 0.1 V                               ; 2.72e-10 s                 ; 2.69e-10 s                 ; Yes                       ; Yes                       ;
; clk_500Hz     ; 2.5 V        ; 0 s                 ; 0 s                 ; 2.62 V                       ; 2.74e-08 V                   ; 2.73 V              ; -0.0384 V           ; 0.169 V                              ; 0.089 V                              ; 2.7e-10 s                   ; 2.62e-10 s                  ; Yes                        ; Yes                        ; 2.62 V                      ; 2.74e-08 V                  ; 2.73 V             ; -0.0384 V          ; 0.169 V                             ; 0.089 V                             ; 2.7e-10 s                  ; 2.62e-10 s                 ; Yes                       ; Yes                       ;
; clk_5MHz      ; 2.5 V        ; 0 s                 ; 0 s                 ; 2.62 V                       ; 4.05e-08 V                   ; 2.72 V              ; -0.0349 V           ; 0.173 V                              ; 0.1 V                                ; 2.72e-10 s                  ; 2.69e-10 s                  ; Yes                        ; Yes                        ; 2.62 V                      ; 4.05e-08 V                  ; 2.72 V             ; -0.0349 V          ; 0.173 V                             ; 0.1 V                               ; 2.72e-10 s                 ; 2.69e-10 s                 ; Yes                       ; Yes                       ;
; ~ALTERA_DCLK~ ; 2.5 V        ; 0 s                 ; 0 s                 ; 2.62 V                       ; 2.22e-08 V                   ; 2.74 V              ; -0.06 V             ; 0.158 V                              ; 0.08 V                               ; 2.68e-10 s                  ; 2.19e-10 s                  ; Yes                        ; Yes                        ; 2.62 V                      ; 2.22e-08 V                  ; 2.74 V             ; -0.06 V            ; 0.158 V                             ; 0.08 V                              ; 2.68e-10 s                 ; 2.19e-10 s                 ; Yes                       ; Yes                       ;
; ~ALTERA_nCEO~ ; 2.5 V        ; 0 s                 ; 0 s                 ; 2.62 V                       ; 3.54e-08 V                   ; 2.7 V               ; -0.00943 V          ; 0.276 V                              ; 0.035 V                              ; 3.19e-10 s                  ; 4.99e-10 s                  ; No                         ; Yes                        ; 2.62 V                      ; 3.54e-08 V                  ; 2.7 V              ; -0.00943 V         ; 0.276 V                             ; 0.035 V                             ; 3.19e-10 s                 ; 4.99e-10 s                 ; No                        ; Yes                       ;
+---------------+--------------+---------------------+---------------------+------------------------------+------------------------------+---------------------+---------------------+--------------------------------------+--------------------------------------+-----------------------------+-----------------------------+----------------------------+----------------------------+-----------------------------+-----------------------------+--------------------+--------------------+-------------------------------------+-------------------------------------+----------------------------+----------------------------+---------------------------+---------------------------+


+-----------------------------------------------------------------------------------------------------------------+
; Setup Transfers                                                                                                 ;
+----------------------------------+----------------------------------+----------+----------+----------+----------+
; From Clock                       ; To Clock                         ; RR Paths ; FR Paths ; RF Paths ; FF Paths ;
+----------------------------------+----------------------------------+----------+----------+----------+----------+
; clk_50MHz                        ; clk_50MHz                        ; 11       ; 0        ; 0        ; 0        ;
; frequency_scaling:inst4|clk_5MHz ; clk_50MHz                        ; 1        ; 1        ; 0        ; 0        ;
; frequency_scaling:inst4|clk_5MHz ; frequency_scaling:inst4|clk_5MHz ; 377      ; 0        ; 0        ; 0        ;
+----------------------------------+----------------------------------+----------+----------+----------+----------+
Entries labeled "false path" only account for clock-to-clock false paths and not path-based false paths. As a result, actual path counts may be lower than reported.


+-----------------------------------------------------------------------------------------------------------------+
; Hold Transfers                                                                                                  ;
+----------------------------------+----------------------------------+----------+----------+----------+----------+
; From Clock                       ; To Clock                         ; RR Paths ; FR Paths ; RF Paths ; FF Paths ;
+----------------------------------+----------------------------------+----------+----------+----------+----------+
; clk_50MHz                        ; clk_50MHz                        ; 11       ; 0        ; 0        ; 0        ;
; frequency_scaling:inst4|clk_5MHz ; clk_50MHz                        ; 1        ; 1        ; 0        ; 0        ;
; frequency_scaling:inst4|clk_5MHz ; frequency_scaling:inst4|clk_5MHz ; 377      ; 0        ; 0        ; 0        ;
+----------------------------------+----------------------------------+----------+----------+----------+----------+
Entries labeled "false path" only account for clock-to-clock false paths and not path-based false paths. As a result, actual path counts may be lower than reported.


---------------
; Report TCCS ;
---------------
No dedicated SERDES Transmitter circuitry present in device or used in design


---------------
; Report RSKM ;
---------------
No non-DPA dedicated SERDES Receiver circuitry present in device or used in design


+------------------------------------------------+
; Unconstrained Paths Summary                    ;
+---------------------------------+-------+------+
; Property                        ; Setup ; Hold ;
+---------------------------------+-------+------+
; Illegal Clocks                  ; 0     ; 0    ;
; Unconstrained Clocks            ; 0     ; 0    ;
; Unconstrained Input Ports       ; 6     ; 6    ;
; Unconstrained Input Port Paths  ; 39    ; 39   ;
; Unconstrained Output Ports      ; 3     ; 3    ;
; Unconstrained Output Port Paths ; 3     ; 3    ;
+---------------------------------+-------+------+


+------------------------------------------------------------------------------------------+
; Clock Status Summary                                                                     ;
+----------------------------------+----------------------------------+------+-------------+
; Target                           ; Clock                            ; Type ; Status      ;
+----------------------------------+----------------------------------+------+-------------+
; clk_50MHz                        ; clk_50MHz                        ; Base ; Constrained ;
; frequency_scaling:inst4|clk_5MHz ; frequency_scaling:inst4|clk_5MHz ; Base ; Constrained ;
+----------------------------------+----------------------------------+------+-------------+


+-------------------------------------------------------------------------------------------------------+
; Unconstrained Input Ports                                                                             ;
+----------------+--------------------------------------------------------------------------------------+
; Input Port     ; Comment                                                                              ;
+----------------+--------------------------------------------------------------------------------------+
; pulse_width[0] ; No input delay, min/max delays, false-path exceptions, or max skew assignments found ;
; pulse_width[1] ; No input delay, min/max delays, false-path exceptions, or max skew assignments found ;
; pulse_width[2] ; No input delay, min/max delays, false-path exceptions, or max skew assignments found ;
; pulse_width[3] ; No input delay, min/max delays, false-path exceptions, or max skew assignments found ;
; pulse_width[4] ; No input delay, min/max delays, false-path exceptions, or max skew assignments found ;
; reset_n        ; No input delay, min/max delays, false-path exceptions, or max skew assignments found ;
+----------------+--------------------------------------------------------------------------------------+


+-----------------------------------------------------------------------------------------------------+
; Unconstrained Output Ports                                                                          ;
+-------------+---------------------------------------------------------------------------------------+
; Output Port ; Comment                                                                               ;
+-------------+---------------------------------------------------------------------------------------+
; clk_5MHz    ; No output delay, min/max delays, false-path exceptions, or max skew assignments found ;
; clk_500Hz   ; No output delay, min/max delays, false-path exceptions, or max skew assignments found ;
; pwm_signal  ; No output delay, min/max delays, false-path exceptions, or max skew assignments found ;
+-------------+---------------------------------------------------------------------------------------+


+-------------------------------------------------------------------------------------------------------+
; Unconstrained Input Ports                                                                             ;
+----------------+--------------------------------------------------------------------------------------+
; Input Port     ; Comment                                                                              ;
+----------------+--------------------------------------------------------------------------------------+
; pulse_width[0] ; No input delay, min/max delays, false-path exceptions, or max skew assignments found ;
; pulse_width[1] ; No input delay, min/max delays, false-path exceptions, or max skew assignments found ;
; pulse_width[2] ; No input delay, min/max delays, false-path exceptions, or max skew assignments found ;
; pulse_width[3] ; No input delay, min/max delays, false-path exceptions, or max skew assignments found ;
; pulse_width[4] ; No input delay, min/max delays, false-path exceptions, or max skew assignments found ;
; reset_n        ; No input delay, min/max delays, false-path exceptions, or max skew assignments found ;
+----------------+--------------------------------------------------------------------------------------+


+-----------------------------------------------------------------------------------------------------+
; Unconstrained Output Ports                                                                          ;
+-------------+---------------------------------------------------------------------------------------+
; Output Port ; Comment                                                                               ;
+-------------+---------------------------------------------------------------------------------------+
; clk_5MHz    ; No output delay, min/max delays, false-path exceptions, or max skew assignments found ;
; clk_500Hz   ; No output delay, min/max delays, false-path exceptions, or max skew assignments found ;
; pwm_signal  ; No output delay, min/max delays, false-path exceptions, or max skew assignments found ;
+-------------+---------------------------------------------------------------------------------------+


+--------------------------+
; Timing Analyzer Messages ;
+--------------------------+
Info: *******************************************************************
Info: Running Quartus Prime Timing Analyzer
    Info: Version 20.1.0 Build 711 06/05/2020 SJ Lite Edition
    Info: Processing started: Sun Oct  4 18:24:30 2026
Info: Command: quartus_sta t1a_fs_pwm -c t1a_fs_pwm
Info: qsta_default_script.tcl version: #1
Warning (18236): Number of processors has not been specified which may cause overloading on shared machines.  Set the global assignment NUM_PARALLEL_PROCESSORS in your QSF to an appropriate value for best performance.
Info (20030): Parallel compilation is enabled and will use 8 of the 8 processors detected
Info (21077): Low junction temperature is 0 degrees C
Info (21077): High junction temperature is 85 degrees C
Critical Warning (332012): Synopsys Design Constraints File file not found: 't1a_fs_pwm.sdc'. A Synopsys Design Constraints File is required by the Timing Analyzer to get proper timing constraints. Without it, the Compiler will not properly optimize the design.
Info (332142): No user constrained base clocks found in the design. Calling "derive_clocks -period 1.0"
Info (332105): Deriving Clocks
    Info (332105): create_clock -period 1.000 -name frequency_scaling:inst4|clk_5MHz frequency_scaling:inst4|clk_5MHz
    Info (332105): create_clock -period 1.000 -name clk_50MHz clk_50MHz
Info (332143): No user constrained clock uncertainty found in the design. Calling "derive_clock_uncertainty"
Info (332123): Deriving Clock Uncertainty. Please refer to report_sdc in the Timing Analyzer to see clock uncertainties.
Info: Found TIMING_ANALYZER_REPORT_SCRIPT_INCLUDE_DEFAULT_ANALYSIS = ON
Info: Analyzing Slow 1200mV 85C Model
Critical Warning (332148): Timing requirements not met
    Info (11105): For recommendations on closing timing, run Report Timing Closure Recommendations in the Timing Analyzer.
Info (332146): Worst-case setup slack is -1.533
    Info (332119):     Slack       End Point TNS Clock 
    Info (332119): ========= =================== =====================
    Info (332119):    -1.533             -31.273 frequency_scaling:inst4|clk_5MHz 
    Info (332119):    -1.031              -1.155 clk_50MHz 
Info (332146): Worst-case hold slack is 0.343
    Info (332119):     Slack       End Point TNS Clock 
    Info (332119): ========= =================== =====================
    Info (332119):     0.343               0.000 frequency_scaling:inst4|clk_5MHz 
    Info (332119):     0.358               0.000 clk_50MHz 
Info (332140): No Recovery paths to report
Info (332140): No Removal paths to report
Info (332146): Worst-case minimum pulse width slack is -3.000
    Info (332119):     Slack       End Point TNS Clock 
    Info (332119): ========= =================== =====================
    Info (332119):    -3.000              -7.000 clk_50MHz 
    Info (332119):    -1.000             -30.000 frequency_scaling:inst4|clk_5MHz 
Info: Analyzing Slow 1200mV 0C Model
Info (334003): Started post-fitting delay annotation
Info (334004): Delay annotation completed successfully
Info (332123): Deriving Clock Uncertainty. Please refer to report_sdc in the Timing Analyzer to see clock uncertainties.
Critical Warning (332148): Timing requirements not met
    Info (11105): For recommendations on closing timing, run Report Timing Closure Recommendations in the Timing Analyzer.
Info (332146): Worst-case setup slack is -1.247
    Info (332119):     Slack       End Point TNS Clock 
    Info (332119): ========= =================== =====================
    Info (332119):    -1.247             -24.502 frequency_scaling:inst4|clk_5MHz 
    Info (332119):    -0.804              -0.804 clk_50MHz 
Info (332146): Worst-case hold slack is 0.299
    Info (332119):     Slack       End Point TNS Clock 
    Info (332119): ========= =================== =====================
    Info (332119):     0.299               0.000 frequency_scaling:inst4|clk_5MHz 
    Info (332119):     0.312               0.000 clk_50MHz 
Info (332140): No Recovery paths to report
Info (332140): No Removal paths to report
Info (332146): Worst-case minimum pulse width slack is -3.000
    Info (332119):     Slack       End Point TNS Clock 
    Info (332119): ========= =================== =====================
    Info (332119):    -3.000              -7.000 clk_50MHz 
    Info (332119):    -1.000             -30.000 frequency_scaling:inst4|clk_5MHz 
Info: Analyzing Fast 1200mV 0C Model
Info (332123): Deriving Clock Uncertainty. Please refer to report_sdc in the Timing Analyzer to see clock uncertainties.
Critical Warning (332148): Timing requirements not met
    Info (11105): For recommendations on closing timing, run Report Timing Closure Recommendations in the Timing Analyzer.
Info (332146): Worst-case setup slack is -0.415
    Info (332119):     Slack       End Point TNS Clock 
    Info (332119): ========= =================== =====================
    Info (332119):    -0.415              -5.194 frequency_scaling:inst4|clk_5MHz 
    Info (332119):    -0.347              -0.347 clk_50MHz 
Info (332146): Worst-case hold slack is 0.178
    Info (332119):     Slack       End Point TNS Clock 
    Info (332119): ========= =================== =====================
    Info (332119):     0.178               0.000 frequency_scaling:inst4|clk_5MHz 
    Info (332119):     0.186               0.000 clk_50MHz 
Info (332140): No Recovery paths to report
Info (332140): No Removal paths to report
Info (332146): Worst-case minimum pulse width slack is -3.000
    Info (332119):     Slack       End Point TNS Clock 
    Info (332119): ========= =================== =====================
    Info (332119):    -3.000              -7.224 clk_50MHz 
    Info (332119):    -1.000             -30.000 frequency_scaling:inst4|clk_5MHz 
Info (332102): Design is not fully constrained for setup requirements
Info (332102): Design is not fully constrained for hold requirements
Info: Quartus Prime Timing Analyzer was successful. 0 errors, 5 warnings
    Info: Peak virtual memory: 522 megabytes
    Info: Processing ended: Sun Oct  4 18:24:31 2026
    Info: Elapsed time: 00:00:01
    Info: Total CPU time (on all processors): 00:00:01


